Folder,Files,LOC,SLOC-P,SLOC-L,MVG,BLOC,C&SLOC,CLOC,CWORD,HCLOC,HCWORD
Total,4196,449646,311731,212978,48588,56821,4474,81094,447848,5871,36294
\\192.168.0.108\htdocs\teranex\themes\site\tokbox,4196,449646,311731,212978,48588,56821,4474,81094,447848,5871,36294
\\192.168.0.108\htdocs\teranex\themes\site\tokbox\node_modules,4187,434305,300208,203916,47005,55052,4265,79045,436688,5864,36274
\\192.168.0.108\htdocs\teranex\themes\site\tokbox\node_modules\accepts,1,239,85,21,28,35,0,119,412,6,18
\\192.168.0.108\htdocs\teranex\themes\site\tokbox\node_modules\acorn,8,14429,9498,6107,2138,1400,345,3531,16832,17,107
\\192.168.0.108\htdocs\teranex\themes\site\tokbox\node_modules\acorn-jsx,38,15128,10123,2522,2395,1607,187,3398,17000,125,809
\\192.168.0.108\htdocs\teranex\themes\site\tokbox\node_modules\acorn-jsx\node_modules,35,14434,9521,2239,2304,1538,178,3375,16806,125,809
\\192.168.0.108\htdocs\teranex\themes\site\tokbox\node_modules\acorn-jsx\node_modules\acorn,35,14434,9521,2239,2304,1538,178,3375,16806,125,809
\\192.168.0.108\htdocs\teranex\themes\site\tokbox\node_modules\acorn-jsx\node_modules\acorn\bin,1,56,46,38,12,9,0,1,6,0,0
\\192.168.0.108\htdocs\teranex\themes\site\tokbox\node_modules\acorn-jsx\node_modules\acorn\dist,6,9490,5669,1387,1396,969,118,2852,12904,17,107
\\192.168.0.108\htdocs\teranex\themes\site\tokbox\node_modules\acorn-jsx\node_modules\acorn\rollup,4,61,53,17,0,8,0,0,0,0,0
\\192.168.0.108\htdocs\teranex\themes\site\tokbox\node_modules\acorn-jsx\node_modules\acorn\src,24,4827,3753,797,896,552,60,522,3896,108,702
\\192.168.0.108\htdocs\teranex\themes\site\tokbox\node_modules\acorn-jsx\node_modules\acorn\src\bin,1,59,53,15,7,6,0,0,0,0,0
\\192.168.0.108\htdocs\teranex\themes\site\tokbox\node_modules\acorn-jsx\node_modules\acorn\src\loose,6,1263,1083,225,248,118,4,62,342,30,190
\\192.168.0.108\htdocs\teranex\themes\site\tokbox\node_modules\acorn-jsx\node_modules\acorn\src\walk,1,343,284,64,63,22,0,37,291,16,98
\\192.168.0.108\htdocs\teranex\themes\site\tokbox\node_modules\acorn\bin,2,90,80,59,6,10,0,0,0,0,0
\\192.168.0.108\htdocs\teranex\themes\site\tokbox\node_modules\acorn\dist,6,14339,9418,6048,2132,1390,345,3531,16832,17,107
\\192.168.0.108\htdocs\teranex\themes\site\tokbox\node_modules\ajv,46,13490,11519,17346,2157,1053,197,918,12830,4,1024
\\192.168.0.108\htdocs\teranex\themes\site\tokbox\node_modules\ajv-keywords,20,1029,914,687,166,104,15,11,85,0,0
\\192.168.0.108\htdocs\teranex\themes\site\tokbox\node_modules\ajv-keywords\keywords,19,993,892,670,157,96,15,5,54,0,0
\\192.168.0.108\htdocs\teranex\themes\site\tokbox\node_modules\ajv-keywords\keywords\dotjs,3,360,357,310,57,3,9,0,36,0,0
\\192.168.0.108\htdocs\teranex\themes\site\tokbox\node_modules\ajv\dist,4,8069,6695,13326,1243,651,113,723,11336,3,1018
\\192.168.0.108\htdocs\teranex\themes\site\tokbox\node_modules\ajv\lib,39,5272,4702,3918,901,376,80,194,1468,0,0
\\192.168.0.108\htdocs\teranex\themes\site\tokbox\node_modules\ajv\lib\compile,10,1244,947,751,221,206,6,91,464,0,0
\\192.168.0.108\htdocs\teranex\themes\site\tokbox\node_modules\ajv\lib\dotjs,24,3178,3152,2717,558,26,69,0,276,0,0
\\192.168.0.108\htdocs\teranex\themes\site\tokbox\node_modules\ajv\scripts,2,129,106,85,12,22,4,1,26,1,6
\\192.168.0.108\htdocs\teranex\themes\site\tokbox\node_modules\ansi-escapes,1,107,81,75,19,26,0,0,0,0,0
\\192.168.0.108\htdocs\teranex\themes\site\tokbox\node_modules\ansi-regex,1,5,4,6,1,1,0,0,0,0,0
\\192.168.0.108\htdocs\teranex\themes\site\tokbox\node_modules\ansi-styles,1,66,56,21,1,9,1,1,12,0,0
\\192.168.0.108\htdocs\teranex\themes\site\tokbox\node_modules\argparse,23,3573,1993,1725,338,528,5,1052,5029,172,727
\\192.168.0.108\htdocs\teranex\themes\site\tokbox\node_modules\argparse\lib,22,3569,1991,1723,338,526,5,1052,5029,172,727
\\192.168.0.108\htdocs\teranex\themes\site\tokbox\node_modules\argparse\lib\action,10,539,216,204,13,86,0,237,976,81,335
\\192.168.0.108\htdocs\teranex\themes\site\tokbox\node_modules\argparse\lib\action\append,1,48,17,17,1,6,0,25,122,11,61
\\192.168.0.108\htdocs\teranex\themes\site\tokbox\node_modules\argparse\lib\action\store,3,99,35,37,1,14,0,50,201,26,111
\\192.168.0.108\htdocs\teranex\themes\site\tokbox\node_modules\argparse\lib\argument,3,182,78,76,7,34,0,70,327,24,120
\\192.168.0.108\htdocs\teranex\themes\site\tokbox\node_modules\argparse\lib\help,2,884,534,463,89,132,3,218,935,13,67
\\192.168.0.108\htdocs\teranex\themes\site\tokbox\node_modules\aria-query,6,153,103,105,9,48,0,2,14,0,0
\\192.168.0.108\htdocs\teranex\themes\site\tokbox\node_modules\aria-query\lib,6,153,103,105,9,48,0,2,14,0,0
\\192.168.0.108\htdocs\teranex\themes\site\tokbox\node_modules\array-flatten,1,65,30,10,9,10,0,25,77,0,0
\\192.168.0.108\htdocs\teranex\themes\site\tokbox\node_modules\array-union,1,7,5,5,1,2,0,0,0,0,0
\\192.168.0.108\htdocs\teranex\themes\site\tokbox\node_modules\array-uniq,1,63,43,34,11,14,0,6,45,0,0
\\192.168.0.108\htdocs\teranex\themes\site\tokbox\node_modules\array.prototype.find,5,215,168,168,17,43,6,4,30,0,0
\\192.168.0.108\htdocs\teranex\themes\site\tokbox\node_modules\array.prototype.find\tests,1,134,110,117,5,24,5,0,10,0,0
\\192.168.0.108\htdocs\teranex\themes\site\tokbox\node_modules\arrify,1,9,7,6,3,2,0,0,0,0,0
\\192.168.0.108\htdocs\teranex\themes\site\tokbox\node_modules\ast-types-flow,1,5046,4877,4848,0,143,0,26,95,3,4
\\192.168.0.108\htdocs\teranex\themes\site\tokbox\node_modules\ast-types-flow\lib,1,5046,4877,4848,0,143,0,26,95,3,4
\\192.168.0.108\htdocs\teranex\themes\site\tokbox\node_modules\axios,29,3162,1788,1446,288,495,84,879,4505,2,44
\\192.168.0.108\htdocs\teranex\themes\site\tokbox\node_modules\axios\dist,2,1548,842,752,133,254,77,452,2291,2,44
\\192.168.0.108\htdocs\teranex\themes\site\tokbox\node_modules\axios\lib,26,1613,945,693,155,241,7,427,2214,0,0
\\192.168.0.108\htdocs\teranex\themes\site\tokbox\node_modules\axios\lib\adapters,2,405,291,220,45,62,2,52,313,0,0
\\192.168.0.108\htdocs\teranex\themes\site\tokbox\node_modules\axios\lib\cancel,3,84,48,41,6,16,0,20,90,0,0
\\192.168.0.108\htdocs\teranex\themes\site\tokbox\node_modules\axios\lib\core,7,304,170,130,20,47,0,87,436,0,0
\\192.168.0.108\htdocs\teranex\themes\site\tokbox\node_modules\axios\lib\helpers,11,373,219,163,38,63,2,91,493,0,0
\\192.168.0.108\htdocs\teranex\themes\site\tokbox\node_modules\babel-code-frame,1,141,109,85,28,32,0,0,0,0,0
\\192.168.0.108\htdocs\teranex\themes\site\tokbox\node_modules\babel-code-frame\lib,1,141,109,85,28,32,0,0,0,0,0
\\192.168.0.108\htdocs\teranex\themes\site\tokbox\node_modules\balanced-match,1,60,49,36,10,11,0,0,0,0,0
\\192.168.0.108\htdocs\teranex\themes\site\tokbox\node_modules\body-parser,6,1082,587,138,130,189,2,306,904,32,88
\\192.168.0.108\htdocs\teranex\themes\site\tokbox\node_modules\body-parser\lib,5,924,518,122,115,160,2,246,754,27,75
\\192.168.0.108\htdocs\teranex\themes\site\tokbox\node_modules\body-parser\lib\types,4,742,404,99,97,135,2,203,630,22,62
\\192.168.0.108\htdocs\teranex\themes\site\tokbox\node_modules\brace-expansion,1,202,155,115,44,33,0,14,128,0,0
\\192.168.0.108\htdocs\teranex\themes\site\tokbox\node_modules\buffer-from,2,83,61,13,17,22,0,0,0,0,0
\\192.168.0.108\htdocs\teranex\themes\site\tokbox\node_modules\builtin-modules,2,14,10,6,1,4,1,0,5,0,0
\\192.168.0.108\htdocs\teranex\themes\site\tokbox\node_modules\bytes,1,160,75,57,18,27,0,58,211,6,17
\\192.168.0.108\htdocs\teranex\themes\site\tokbox\node_modules\caller-path,1,7,5,5,1,2,0,0,0,0,0
\\192.168.0.108\htdocs\teranex\themes\site\tokbox\node_modules\callsites,1,9,8,9,1,1,0,0,0,0,0
\\192.168.0.108\htdocs\teranex\themes\site\tokbox\node_modules\chalk,1,117,78,69,14,25,0,14,139,0,0
\\192.168.0.108\htdocs\teranex\themes\site\tokbox\node_modules\circular-json,3,376,257,141,57,22,2,97,737,45,345
\\192.168.0.108\htdocs\teranex\themes\site\tokbox\node_modules\circular-json\build,3,376,257,141,57,22,2,97,737,45,345
\\192.168.0.108\htdocs\teranex\themes\site\tokbox\node_modules\cli-cursor,1,27,22,20,2,5,0,0,0,0,0
\\192.168.0.108\htdocs\teranex\themes\site\tokbox\node_modules\cli-width,1,50,41,30,14,9,0,0,0,0,0
\\192.168.0.108\htdocs\teranex\themes\site\tokbox\node_modules\co,1,238,100,81,31,33,0,105,326,3,5
\\192.168.0.108\htdocs\teranex\themes\site\tokbox\node_modules\code-point-at,1,33,23,18,8,9,0,1,4,1,4
\\192.168.0.108\htdocs\teranex\themes\site\tokbox\node_modules\concat-map,3,61,53,53,8,8,0,0,0,0,0
\\192.168.0.108\htdocs\teranex\themes\site\tokbox\node_modules\concat-map\example,1,7,6,6,1,1,0,0,0,0,0
\\192.168.0.108\htdocs\teranex\themes\site\tokbox\node_modules\concat-map\test,1,40,35,36,3,5,0,0,0,0,0
\\192.168.0.108\htdocs\teranex\themes\site\tokbox\node_modules\concat-stream,1,145,125,38,37,20,0,0,0,0,0
\\192.168.0.108\htdocs\teranex\themes\site\tokbox\node_modules\contains-path,1,34,19,15,4,9,0,6,10,0,0
\\192.168.0.108\htdocs\teranex\themes\site\tokbox\node_modules\content-disposition,1,446,173,43,39,89,2,184,779,5,13
\\192.168.0.108\htdocs\teranex\themes\site\tokbox\node_modules\content-type,1,223,101,23,24,44,0,78,310,5,13
\\192.168.0.108\htdocs\teranex\themes\site\tokbox\node_modules\cookie,1,196,101,74,28,38,0,57,207,6,18
\\192.168.0.108\htdocs\teranex\themes\site\tokbox\node_modules\cookie-signature,1,52,20,14,7,9,0,23,67,3,5
\\192.168.0.108\htdocs\teranex\themes\site\tokbox\node_modules\core-util-is,2,177,120,105,17,35,1,22,191,22,189
\\192.168.0.108\htdocs\teranex\themes\site\tokbox\node_modules\core-util-is\lib,1,108,68,47,17,18,1,22,191,22,189
\\192.168.0.108\htdocs\teranex\themes\site\tokbox\node_modules\d,6,494,440,407,36,49,3,5,57,0,0
\\192.168.0.108\htdocs\teranex\themes\site\tokbox\node_modules\d\test,3,279,247,253,1,32,0,0,0,0,0
\\192.168.0.108\htdocs\teranex\themes\site\tokbox\node_modules\damerau-levenshtein,2,242,194,123,16,37,5,11,64,2,20
\\192.168.0.108\htdocs\teranex\themes\site\tokbox\node_modules\damerau-levenshtein\test,1,169,146,92,0,23,0,0,0,0,0
\\192.168.0.108\htdocs\teranex\themes\site\tokbox\node_modules\debug,7,738,327,242,61,128,4,283,1136,20,78
\\192.168.0.108\htdocs\teranex\themes\site\tokbox\node_modules\debug\src,5,665,319,241,61,121,3,225,955,18,67
\\192.168.0.108\htdocs\teranex\themes\site\tokbox\node_modules\deep-is,5,172,124,98,30,27,1,21,174,0,0
\\192.168.0.108\htdocs\teranex\themes\site\tokbox\node_modules\deep-is\example,1,12,11,6,0,1,0,0,0,0,0
\\192.168.0.108\htdocs\teranex\themes\site\tokbox\node_modules\deep-is\test,3,57,44,42,0,13,0,0,0,0,0
\\192.168.0.108\htdocs\teranex\themes\site\tokbox\node_modules\define-properties,2,184,156,124,10,26,2,2,18,0,0
\\192.168.0.108\htdocs\teranex\themes\site\tokbox\node_modules\define-properties\test,1,127,110,83,3,17,1,0,5,0,0
\\192.168.0.108\htdocs\teranex\themes\site\tokbox\node_modules\del,1,74,56,51,13,18,0,0,0,0,0
\\192.168.0.108\htdocs\teranex\themes\site\tokbox\node_modules\depd,5,808,451,107,93,185,6,172,527,28,70
\\192.168.0.108\htdocs\teranex\themes\site\tokbox\node_modules\depd\lib,4,285,145,38,26,65,0,75,216,20,52
\\192.168.0.108\htdocs\teranex\themes\site\tokbox\node_modules\depd\lib\browser,1,78,35,9,7,18,0,25,86,5,13
\\192.168.0.108\htdocs\teranex\themes\site\tokbox\node_modules\depd\lib\compat,3,207,110,29,19,47,0,50,130,15,39
\\192.168.0.108\htdocs\teranex\themes\site\tokbox\node_modules\destroy,1,76,28,8,9,17,0,31,72,5,12
\\192.168.0.108\htdocs\teranex\themes\site\tokbox\node_modules\doctrine,3,2242,1695,1138,419,301,82,246,997,17,60
\\192.168.0.108\htdocs\teranex\themes\site\tokbox\node_modules\doctrine\lib,3,2242,1695,1138,419,301,82,246,997,17,60
\\192.168.0.108\htdocs\teranex\themes\site\tokbox\node_modules\ee-first,1,96,52,11,9,21,0,23,74,5,12
\\192.168.0.108\htdocs\teranex\themes\site\tokbox\node_modules\emoji-regex,4,32,20,1330,4,8,0,4,4,0,0
\\192.168.0.108\htdocs\teranex\themes\site\tokbox\node_modules\emoji-regex\es2015,2,16,10,1322,2,4,0,2,2,0,0
\\192.168.0.108\htdocs\teranex\themes\site\tokbox\node_modules\encodeurl,1,61,10,1,1,12,0,39,183,5,13
\\192.168.0.108\htdocs\teranex\themes\site\tokbox\node_modules\error-ex,1,134,102,79,25,30,0,2,13,0,0
\\192.168.0.108\htdocs\teranex\themes\site\tokbox\node_modules\es-abstract,27,3406,2817,2253,263,474,237,115,557,0,0
\\192.168.0.108\htdocs\teranex\themes\site\tokbox\node_modules\es-abstract\helpers,6,34,27,26,9,7,0,0,0,0,0
\\192.168.0.108\htdocs\teranex\themes\site\tokbox\node_modules\es-abstract\operations,4,245,237,12,0,8,225,0,225,0,0
\\192.168.0.108\htdocs\teranex\themes\site\tokbox\node_modules\es-abstract\test,10,2160,1817,1689,21,336,1,7,21,0,0
\\192.168.0.108\htdocs\teranex\themes\site\tokbox\node_modules\es-abstract\test\helpers,1,54,50,43,0,4,0,0,0,0,0
\\192.168.0.108\htdocs\teranex\themes\site\tokbox\node_modules\es-to-primitive,7,363,296,351,30,64,0,3,3,0,0
\\192.168.0.108\htdocs\teranex\themes\site\tokbox\node_modules\es-to-primitive\helpers,1,4,3,3,1,1,0,0,0,0,0
\\192.168.0.108\htdocs\teranex\themes\site\tokbox\node_modules\es-to-primitive\test,3,231,186,261,0,45,0,0,0,0,0
\\192.168.0.108\htdocs\teranex\themes\site\tokbox\node_modules\es5-ext,811,18594,16036,8116,1064,2366,82,192,876,90,289
\\192.168.0.108\htdocs\teranex\themes\site\tokbox\node_modules\es5-ext\array,94,1445,1134,819,242,285,23,26,115,10,33
\\192.168.0.108\htdocs\teranex\themes\site\tokbox\node_modules\es5-ext\array\#,78,1133,882,634,188,234,20,17,86,10,33
\\192.168.0.108\htdocs\teranex\themes\site\tokbox\node_modules\es5-ext\array\#\@@iterator,4,37,28,22,9,9,0,0,0,0,0
\\192.168.0.108\htdocs\teranex\themes\site\tokbox\node_modules\es5-ext\array\#\concat,4,71,59,44,13,11,1,1,4,0,0
\\192.168.0.108\htdocs\teranex\themes\site\tokbox\node_modules\es5-ext\array\#\copy-within,4,70,56,36,8,13,1,1,5,1,3
\\192.168.0.108\htdocs\teranex\themes\site\tokbox\node_modules\es5-ext\array\#\entries,4,37,29,25,11,8,0,0,0,0,0
\\192.168.0.108\htdocs\teranex\themes\site\tokbox\node_modules\es5-ext\array\#\fill,4,48,35,22,6,12,1,1,6,1,3
\\192.168.0.108\htdocs\teranex\themes\site\tokbox\node_modules\es5-ext\array\#\filter,4,50,39,28,8,11,1,0,2,0,0
\\192.168.0.108\htdocs\teranex\themes\site\tokbox\node_modules\es5-ext\array\#\find,4,36,25,21,6,10,1,1,4,0,0
\\192.168.0.108\htdocs\teranex\themes\site\tokbox\node_modules\es5-ext\array\#\find-index,4,54,43,28,10,11,1,0,2,0,0
\\192.168.0.108\htdocs\teranex\themes\site\tokbox\node_modules\es5-ext\array\#\keys,4,36,28,24,10,8,0,0,0,0,0
\\192.168.0.108\htdocs\teranex\themes\site\tokbox\node_modules\es5-ext\array\#\map,4,45,34,25,6,11,1,0,2,0,0
\\192.168.0.108\htdocs\teranex\themes\site\tokbox\node_modules\es5-ext\array\#\slice,4,59,49,36,12,10,0,0,0,0,0
\\192.168.0.108\htdocs\teranex\themes\site\tokbox\node_modules\es5-ext\array\#\splice,4,40,29,22,5,10,1,1,4,0,0
\\192.168.0.108\htdocs\teranex\themes\site\tokbox\node_modules\es5-ext\array\#\values,4,35,27,24,9,8,0,0,0,0,0
\\192.168.0.108\htdocs\teranex\themes\site\tokbox\node_modules\es5-ext\array\from,4,145,124,83,29,12,1,9,26,0,0
\\192.168.0.108\htdocs\teranex\themes\site\tokbox\node_modules\es5-ext\array\of,4,44,35,27,7,9,1,0,1,0,0
\\192.168.0.108\htdocs\teranex\themes\site\tokbox\node_modules\es5-ext\boolean,2,17,12,8,1,5,0,0,0,0,0
\\192.168.0.108\htdocs\teranex\themes\site\tokbox\node_modules\es5-ext\date,12,154,118,87,25,35,0,1,4,1,4
\\192.168.0.108\htdocs\teranex\themes\site\tokbox\node_modules\es5-ext\date\#,7,103,80,57,17,22,0,1,4,1,4
\\192.168.0.108\htdocs\teranex\themes\site\tokbox\node_modules\es5-ext\error,6,61,45,35,9,16,1,0,3,0,0
\\192.168.0.108\htdocs\teranex\themes\site\tokbox\node_modules\es5-ext\error\#,2,14,9,8,0,5,0,0,0,0,0
\\192.168.0.108\htdocs\teranex\themes\site\tokbox\node_modules\es5-ext\function,20,327,250,189,44,72,5,5,17,1,3
\\192.168.0.108\htdocs\teranex\themes\site\tokbox\node_modules\es5-ext\function\#,10,179,137,97,22,41,4,1,7,0,0
\\192.168.0.108\htdocs\teranex\themes\site\tokbox\node_modules\es5-ext\iterable,5,53,38,28,6,15,1,0,2,0,0
\\192.168.0.108\htdocs\teranex\themes\site\tokbox\node_modules\es5-ext\json,2,48,43,22,9,5,1,0,3,0,0
\\192.168.0.108\htdocs\teranex\themes\site\tokbox\node_modules\es5-ext\math,75,880,647,510,189,198,2,35,104,17,44
\\192.168.0.108\htdocs\teranex\themes\site\tokbox\node_modules\es5-ext\math\acosh,4,36,27,22,9,9,0,0,0,0,0
\\192.168.0.108\htdocs\teranex\themes\site\tokbox\node_modules\es5-ext\math\asinh,4,39,30,24,10,9,0,0,0,0,0
\\192.168.0.108\htdocs\teranex\themes\site\tokbox\node_modules\es5-ext\math\atanh,4,38,29,24,11,9,0,0,0,0,0
\\192.168.0.108\htdocs\teranex\themes\site\tokbox\node_modules\es5-ext\math\cbrt,4,36,27,22,9,9,0,0,0,0,0
\\192.168.0.108\htdocs\teranex\themes\site\tokbox\node_modules\es5-ext\math\clz32,4,31,22,17,5,8,0,1,2,0,0
\\192.168.0.108\htdocs\teranex\themes\site\tokbox\node_modules\es5-ext\math\cosh,4,35,26,21,8,9,0,0,0,0,0
\\192.168.0.108\htdocs\teranex\themes\site\tokbox\node_modules\es5-ext\math\expm1,4,40,28,23,10,11,0,1,2,1,2
\\192.168.0.108\htdocs\teranex\themes\site\tokbox\node_modules\es5-ext\math\fround,4,59,43,36,13,14,0,2,5,2,5
\\192.168.0.108\htdocs\teranex\themes\site\tokbox\node_modules\es5-ext\math\hypot,4,67,54,42,19,11,1,2,8,1,4
\\192.168.0.108\htdocs\teranex\themes\site\tokbox\node_modules\es5-ext\math\imul,4,41,25,17,5,11,0,5,29,3,7
\\192.168.0.108\htdocs\teranex\themes\site\tokbox\node_modules\es5-ext\math\log10,4,38,28,23,10,10,0,0,0,0,0
\\192.168.0.108\htdocs\teranex\themes\site\tokbox\node_modules\es5-ext\math\log1p,4,41,29,24,11,11,0,1,2,1,2
\\192.168.0.108\htdocs\teranex\themes\site\tokbox\node_modules\es5-ext\math\log2,4,38,28,23,10,10,0,0,0,0,0
\\192.168.0.108\htdocs\teranex\themes\site\tokbox\node_modules\es5-ext\math\sign,4,31,23,18,6,8,0,0,0,0,0
\\192.168.0.108\htdocs\teranex\themes\site\tokbox\node_modules\es5-ext\math\sinh,4,42,30,22,9,10,0,2,9,2,9
\\192.168.0.108\htdocs\teranex\themes\site\tokbox\node_modules\es5-ext\math\tanh,4,41,32,27,11,9,0,0,0,0,0
\\192.168.0.108\htdocs\teranex\themes\site\tokbox\node_modules\es5-ext\math\trunc,4,37,28,23,10,9,0,0,0,0,0
\\192.168.0.108\htdocs\teranex\themes\site\tokbox\node_modules\es5-ext\number,33,273,192,139,36,78,1,3,8,1,2
\\192.168.0.108\htdocs\teranex\themes\site\tokbox\node_modules\es5-ext\number\#,2,22,15,11,1,7,1,0,2,0,0
\\192.168.0.108\htdocs\teranex\themes\site\tokbox\node_modules\es5-ext\number\epsilon,3,19,13,10,2,6,0,0,0,0,0
\\192.168.0.108\htdocs\teranex\themes\site\tokbox\node_modules\es5-ext\number\is-finite,4,29,21,16,5,8,0,0,0,0,0
\\192.168.0.108\htdocs\teranex\themes\site\tokbox\node_modules\es5-ext\number\is-integer,4,32,22,17,6,9,0,1,2,1,2
\\192.168.0.108\htdocs\teranex\themes\site\tokbox\node_modules\es5-ext\number\is-nan,4,30,21,17,5,8,0,1,2,0,0
\\192.168.0.108\htdocs\teranex\themes\site\tokbox\node_modules\es5-ext\number\is-safe-integer,4,36,26,18,6,10,0,0,0,0,0
\\192.168.0.108\htdocs\teranex\themes\site\tokbox\node_modules\es5-ext\number\max-safe-integer,3,19,13,10,2,6,0,0,0,0,0
\\192.168.0.108\htdocs\teranex\themes\site\tokbox\node_modules\es5-ext\number\min-safe-integer,3,19,13,10,2,6,0,0,0,0,0
\\192.168.0.108\htdocs\teranex\themes\site\tokbox\node_modules\es5-ext\object,75,1270,997,755,208,253,17,20,139,10,47
\\192.168.0.108\htdocs\teranex\themes\site\tokbox\node_modules\es5-ext\object\assign,4,49,40,34,8,9,1,0,2,0,0
\\192.168.0.108\htdocs\teranex\themes\site\tokbox\node_modules\es5-ext\object\keys,4,36,26,20,5,10,0,0,0,0,0
\\192.168.0.108\htdocs\teranex\themes\site\tokbox\node_modules\es5-ext\object\set-prototype-of,4,112,90,72,20,19,2,3,19,3,13
\\192.168.0.108\htdocs\teranex\themes\site\tokbox\node_modules\es5-ext\promise,4,72,57,43,4,13,0,2,10,0,0
\\192.168.0.108\htdocs\teranex\themes\site\tokbox\node_modules\es5-ext\promise\#,2,26,20,14,0,5,0,1,8,0,0
\\192.168.0.108\htdocs\teranex\themes\site\tokbox\node_modules\es5-ext\reg-exp,27,243,160,125,30,72,0,11,46,3,6
\\192.168.0.108\htdocs\teranex\themes\site\tokbox\node_modules\es5-ext\reg-exp\#,23,205,137,105,26,60,0,8,40,0,0
\\192.168.0.108\htdocs\teranex\themes\site\tokbox\node_modules\es5-ext\reg-exp\#\match,4,33,23,18,5,10,0,0,0,0,0
\\192.168.0.108\htdocs\teranex\themes\site\tokbox\node_modules\es5-ext\reg-exp\#\replace,4,33,23,18,5,10,0,0,0,0,0
\\192.168.0.108\htdocs\teranex\themes\site\tokbox\node_modules\es5-ext\reg-exp\#\search,4,33,23,18,5,10,0,0,0,0,0
\\192.168.0.108\htdocs\teranex\themes\site\tokbox\node_modules\es5-ext\reg-exp\#\split,4,33,23,18,5,10,0,0,0,0,0
\\192.168.0.108\htdocs\teranex\themes\site\tokbox\node_modules\es5-ext\reg-exp\#\sticky,2,21,12,10,2,5,0,4,20,0,0
\\192.168.0.108\htdocs\teranex\themes\site\tokbox\node_modules\es5-ext\reg-exp\#\unicode,2,21,12,10,2,5,0,4,20,0,0
\\192.168.0.108\htdocs\teranex\themes\site\tokbox\node_modules\es5-ext\string,55,8208,7978,1018,168,189,13,41,189,23,77
\\192.168.0.108\htdocs\teranex\themes\site\tokbox\node_modules\es5-ext\string\#,42,7996,7812,903,134,150,9,34,171,18,71
\\192.168.0.108\htdocs\teranex\themes\site\tokbox\node_modules\es5-ext\string\#\@@iterator,4,38,28,25,10,10,0,0,0,0,0
\\192.168.0.108\htdocs\teranex\themes\site\tokbox\node_modules\es5-ext\string\#\code-point-at,4,52,34,25,9,13,0,5,16,2,6
\\192.168.0.108\htdocs\teranex\themes\site\tokbox\node_modules\es5-ext\string\#\contains,4,33,23,17,5,10,1,0,2,0,0
\\192.168.0.108\htdocs\teranex\themes\site\tokbox\node_modules\es5-ext\string\#\ends-with,4,44,34,22,5,10,1,0,2,0,0
\\192.168.0.108\htdocs\teranex\themes\site\tokbox\node_modules\es5-ext\string\#\normalize,5,7547,7491,666,68,40,1,16,72,11,54
\\192.168.0.108\htdocs\teranex\themes\site\tokbox\node_modules\es5-ext\string\#\repeat,4,50,34,26,10,12,0,4,7,3,5
\\192.168.0.108\htdocs\teranex\themes\site\tokbox\node_modules\es5-ext\string\#\starts-with,4,39,28,19,5,11,1,0,2,0,0
\\192.168.0.108\htdocs\teranex\themes\site\tokbox\node_modules\es5-ext\string\from-code-point,4,61,43,30,9,11,1,7,12,5,6
\\192.168.0.108\htdocs\teranex\themes\site\tokbox\node_modules\es5-ext\string\raw,4,40,31,24,7,9,1,0,2,0,0
\\192.168.0.108\htdocs\teranex\themes\site\tokbox\node_modules\es5-ext\test,396,5471,4313,4304,84,1114,17,44,220,23,69
\\192.168.0.108\htdocs\teranex\themes\site\tokbox\node_modules\es5-ext\test\array,93,1323,1036,1007,20,278,2,9,50,5,19
\\192.168.0.108\htdocs\teranex\themes\site\tokbox\node_modules\es5-ext\test\array\#,77,935,714,743,8,219,2,2,10,1,3
\\192.168.0.108\htdocs\teranex\themes\site\tokbox\node_modules\es5-ext\test\array\#\@@iterator,4,28,19,23,0,9,0,0,0,0,0
\\192.168.0.108\htdocs\teranex\themes\site\tokbox\node_modules\es5-ext\test\array\#\concat,4,45,29,27,0,16,0,0,0,0,0
\\192.168.0.108\htdocs\teranex\themes\site\tokbox\node_modules\es5-ext\test\array\#\copy-within,4,48,35,37,0,13,0,0,0,0,0
\\192.168.0.108\htdocs\teranex\themes\site\tokbox\node_modules\es5-ext\test\array\#\entries,4,28,19,23,0,9,0,0,0,0,0
\\192.168.0.108\htdocs\teranex\themes\site\tokbox\node_modules\es5-ext\test\array\#\fill,4,37,24,21,0,12,0,1,3,1,3
\\192.168.0.108\htdocs\teranex\themes\site\tokbox\node_modules\es5-ext\test\array\#\filter,4,36,22,23,0,14,0,0,0,0,0
\\192.168.0.108\htdocs\teranex\themes\site\tokbox\node_modules\es5-ext\test\array\#\find,4,36,26,27,1,10,0,0,0,0,0
\\192.168.0.108\htdocs\teranex\themes\site\tokbox\node_modules\es5-ext\test\array\#\find-index,4,36,26,27,1,10,0,0,0,0,0
\\192.168.0.108\htdocs\teranex\themes\site\tokbox\node_modules\es5-ext\test\array\#\keys,4,28,19,23,0,9,0,0,0,0,0
\\192.168.0.108\htdocs\teranex\themes\site\tokbox\node_modules\es5-ext\test\array\#\map,4,38,24,23,0,14,0,0,0,0,0
\\192.168.0.108\htdocs\teranex\themes\site\tokbox\node_modules\es5-ext\test\array\#\slice,4,36,22,23,0,14,0,0,0,0,0
\\192.168.0.108\htdocs\teranex\themes\site\tokbox\node_modules\es5-ext\test\array\#\splice,4,38,24,25,0,14,0,0,0,0,0
\\192.168.0.108\htdocs\teranex\themes\site\tokbox\node_modules\es5-ext\test\array\#\values,4,28,19,23,0,9,0,0,0,0,0
\\192.168.0.108\htdocs\teranex\themes\site\tokbox\node_modules\es5-ext\test\array\from,4,157,136,93,7,18,0,3,21,1,5
\\192.168.0.108\htdocs\teranex\themes\site\tokbox\node_modules\es5-ext\test\array\of,4,108,86,74,1,18,0,4,19,3,11
\\192.168.0.108\htdocs\teranex\themes\site\tokbox\node_modules\es5-ext\test\boolean,1,13,11,12,0,2,0,0,0,0,0
\\192.168.0.108\htdocs\teranex\themes\site\tokbox\node_modules\es5-ext\test\date,10,114,93,90,1,21,0,0,0,0,0
\\192.168.0.108\htdocs\teranex\themes\site\tokbox\node_modules\es5-ext\test\date\#,6,57,44,41,0,13,0,0,0,0,0
\\192.168.0.108\htdocs\teranex\themes\site\tokbox\node_modules\es5-ext\test\error,4,53,45,47,1,8,0,0,0,0,0
\\192.168.0.108\htdocs\teranex\themes\site\tokbox\node_modules\es5-ext\test\error\#,1,11,9,8,0,2,0,0,0,0,0
\\192.168.0.108\htdocs\teranex\themes\site\tokbox\node_modules\es5-ext\test\function,18,261,197,208,12,59,0,5,13,1,4
\\192.168.0.108\htdocs\teranex\themes\site\tokbox\node_modules\es5-ext\test\function\#,9,160,122,127,9,34,0,4,11,1,4
\\192.168.0.108\htdocs\teranex\themes\site\tokbox\node_modules\es5-ext\test\iterable,4,140,124,134,2,16,2,0,4,0,0
\\192.168.0.108\htdocs\teranex\themes\site\tokbox\node_modules\es5-ext\test\json,1,27,25,27,0,2,0,0,0,0,0
\\192.168.0.108\htdocs\teranex\themes\site\tokbox\node_modules\es5-ext\test\math,74,562,394,408,0,167,0,1,13,0,0
\\192.168.0.108\htdocs\teranex\themes\site\tokbox\node_modules\es5-ext\test\math\acosh,4,30,21,22,0,9,0,0,0,0,0
\\192.168.0.108\htdocs\teranex\themes\site\tokbox\node_modules\es5-ext\test\math\asinh,4,29,20,21,0,9,0,0,0,0,0
\\192.168.0.108\htdocs\teranex\themes\site\tokbox\node_modules\es5-ext\test\math\atanh,4,30,21,22,0,9,0,0,0,0,0
\\192.168.0.108\htdocs\teranex\themes\site\tokbox\node_modules\es5-ext\test\math\cbrt,4,30,21,22,0,9,0,0,0,0,0
\\192.168.0.108\htdocs\teranex\themes\site\tokbox\node_modules\es5-ext\test\math\clz32,4,31,22,22,0,9,0,0,0,0,0
\\192.168.0.108\htdocs\teranex\themes\site\tokbox\node_modules\es5-ext\test\math\cosh,4,32,23,24,0,9,0,0,0,0,0
\\192.168.0.108\htdocs\teranex\themes\site\tokbox\node_modules\es5-ext\test\math\expm1,4,28,19,20,0,9,0,0,0,0,0
\\192.168.0.108\htdocs\teranex\themes\site\tokbox\node_modules\es5-ext\test\math\fround,4,28,19,20,0,9,0,0,0,0,0
\\192.168.0.108\htdocs\teranex\themes\site\tokbox\node_modules\es5-ext\test\math\hypot,4,30,21,21,0,9,0,0,0,0,0
\\192.168.0.108\htdocs\teranex\themes\site\tokbox\node_modules\es5-ext\test\math\imul,4,28,19,19,0,9,0,0,0,0,0
\\192.168.0.108\htdocs\teranex\themes\site\tokbox\node_modules\es5-ext\test\math\log10,4,29,20,21,0,9,0,0,0,0,0
\\192.168.0.108\htdocs\teranex\themes\site\tokbox\node_modules\es5-ext\test\math\log1p,4,29,20,21,0,9,0,0,0,0,0
\\192.168.0.108\htdocs\teranex\themes\site\tokbox\node_modules\es5-ext\test\math\log2,4,29,20,21,0,9,0,0,0,0,0
\\192.168.0.108\htdocs\teranex\themes\site\tokbox\node_modules\es5-ext\test\math\sign,4,30,20,21,0,10,0,0,0,0,0
\\192.168.0.108\htdocs\teranex\themes\site\tokbox\node_modules\es5-ext\test\math\sinh,4,32,23,24,0,9,0,0,0,0,0
\\192.168.0.108\htdocs\teranex\themes\site\tokbox\node_modules\es5-ext\test\math\tanh,4,30,21,22,0,9,0,0,0,0,0
\\192.168.0.108\htdocs\teranex\themes\site\tokbox\node_modules\es5-ext\test\math\trunc,4,35,25,26,0,10,0,0,0,0,0
\\192.168.0.108\htdocs\teranex\themes\site\tokbox\node_modules\es5-ext\test\number,31,235,166,170,0,69,0,0,0,0,0
\\192.168.0.108\htdocs\teranex\themes\site\tokbox\node_modules\es5-ext\test\number\#,1,8,6,6,0,2,0,0,0,0,0
\\192.168.0.108\htdocs\teranex\themes\site\tokbox\node_modules\es5-ext\test\number\epsilon,3,20,13,13,0,7,0,0,0,0,0
\\192.168.0.108\htdocs\teranex\themes\site\tokbox\node_modules\es5-ext\test\number\is-finite,4,27,18,18,0,9,0,0,0,0,0
\\192.168.0.108\htdocs\teranex\themes\site\tokbox\node_modules\es5-ext\test\number\is-integer,4,28,19,19,0,9,0,0,0,0,0
\\192.168.0.108\htdocs\teranex\themes\site\tokbox\node_modules\es5-ext\test\number\is-nan,4,26,17,18,0,9,0,0,0,0,0
\\192.168.0.108\htdocs\teranex\themes\site\tokbox\node_modules\es5-ext\test\number\is-safe-integer,4,30,21,21,0,9,0,0,0,0,0
\\192.168.0.108\htdocs\teranex\themes\site\tokbox\node_modules\es5-ext\test\number\max-safe-integer,3,20,13,13,0,7,0,0,0,0,0
\\192.168.0.108\htdocs\teranex\themes\site\tokbox\node_modules\es5-ext\test\number\min-safe-integer,3,20,13,13,0,7,0,0,0,0,0
\\192.168.0.108\htdocs\teranex\themes\site\tokbox\node_modules\es5-ext\test\object,74,1601,1336,1366,31,261,5,4,35,0,0
\\192.168.0.108\htdocs\teranex\themes\site\tokbox\node_modules\es5-ext\test\object\assign,4,30,19,23,0,11,0,0,0,0,0
\\192.168.0.108\htdocs\teranex\themes\site\tokbox\node_modules\es5-ext\test\object\keys,4,31,22,23,0,9,0,0,0,0,0
\\192.168.0.108\htdocs\teranex\themes\site\tokbox\node_modules\es5-ext\test\object\set-prototype-of,4,71,56,57,2,15,0,0,0,0,0
\\192.168.0.108\htdocs\teranex\themes\site\tokbox\node_modules\es5-ext\test\promise,2,86,77,66,4,9,4,0,15,0,0
\\192.168.0.108\htdocs\teranex\themes\site\tokbox\node_modules\es5-ext\test\promise\#,1,33,31,23,2,2,0,0,0,0,0
\\192.168.0.108\htdocs\teranex\themes\site\tokbox\node_modules\es5-ext\test\reg-exp,26,211,148,149,3,60,0,3,7,1,3
\\192.168.0.108\htdocs\teranex\themes\site\tokbox\node_modules\es5-ext\test\reg-exp\#,23,171,114,111,2,54,0,3,7,1,3
\\192.168.0.108\htdocs\teranex\themes\site\tokbox\node_modules\es5-ext\test\reg-exp\#\match,4,27,18,18,0,9,0,0,0,0,0
\\192.168.0.108\htdocs\teranex\themes\site\tokbox\node_modules\es5-ext\test\reg-exp\#\replace,4,24,15,15,0,9,0,0,0,0,0
\\192.168.0.108\htdocs\teranex\themes\site\tokbox\node_modules\es5-ext\test\reg-exp\#\search,4,24,15,15,0,9,0,0,0,0,0
\\192.168.0.108\htdocs\teranex\themes\site\tokbox\node_modules\es5-ext\test\reg-exp\#\split,4,24,15,15,0,9,0,0,0,0,0
\\192.168.0.108\htdocs\teranex\themes\site\tokbox\node_modules\es5-ext\test\reg-exp\#\sticky,2,14,9,9,0,5,0,0,0,0,0
\\192.168.0.108\htdocs\teranex\themes\site\tokbox\node_modules\es5-ext\test\reg-exp\#\unicode,2,14,9,9,0,5,0,0,0,0,0
\\192.168.0.108\htdocs\teranex\themes\site\tokbox\node_modules\es5-ext\test\string,53,772,601,566,6,151,4,20,79,16,43
\\192.168.0.108\htdocs\teranex\themes\site\tokbox\node_modules\es5-ext\test\string\#,41,592,463,425,3,113,0,16,55,12,35
\\192.168.0.108\htdocs\teranex\themes\site\tokbox\node_modules\es5-ext\test\string\#\@@iterator,4,28,19,23,0,9,0,0,0,0,0
\\192.168.0.108\htdocs\teranex\themes\site\tokbox\node_modules\es5-ext\test\string\#\code-point-at,4,139,115,100,2,17,0,7,28,3,8
\\192.168.0.108\htdocs\teranex\themes\site\tokbox\node_modules\es5-ext\test\string\#\contains,4,33,24,24,0,9,0,0,0,0,0
\\192.168.0.108\htdocs\teranex\themes\site\tokbox\node_modules\es5-ext\test\string\#\ends-with,4,35,22,22,0,10,0,3,7,3,7
\\192.168.0.108\htdocs\teranex\themes\site\tokbox\node_modules\es5-ext\test\string\#\normalize,5,38,24,24,0,13,0,1,3,1,3
\\192.168.0.108\htdocs\teranex\themes\site\tokbox\node_modules\es5-ext\test\string\#\repeat,4,31,22,22,0,9,0,0,0,0,0
\\192.168.0.108\htdocs\teranex\themes\site\tokbox\node_modules\es5-ext\test\string\#\starts-with,4,33,20,20,0,10,0,3,9,3,9
\\192.168.0.108\htdocs\teranex\themes\site\tokbox\node_modules\es5-ext\test\string\from-code-point,4,92,74,75,2,16,4,2,20,2,4
\\192.168.0.108\htdocs\teranex\themes\site\tokbox\node_modules\es5-ext\test\string\raw,4,34,20,19,0,12,0,2,4,2,4
\\192.168.0.108\htdocs\teranex\themes\site\tokbox\node_modules\es6-iterator,16,651,565,576,73,81,1,5,23,2,3
\\192.168.0.108\htdocs\teranex\themes\site\tokbox\node_modules\es6-iterator\#,1,41,35,26,6,6,0,0,0,0,0
\\192.168.0.108\htdocs\teranex\themes\site\tokbox\node_modules\es6-iterator\test,8,340,301,375,10,39,0,0,0,0,0
\\192.168.0.108\htdocs\teranex\themes\site\tokbox\node_modules\es6-iterator\test\#,1,24,19,27,0,5,0,0,0,0,0
\\192.168.0.108\htdocs\teranex\themes\site\tokbox\node_modules\es6-map,22,740,639,522,93,98,4,3,24,2,11
\\192.168.0.108\htdocs\teranex\themes\site\tokbox\node_modules\es6-map\lib,3,102,90,55,14,12,0,0,0,0,0
\\192.168.0.108\htdocs\teranex\themes\site\tokbox\node_modules\es6-map\primitive,1,118,113,82,25,5,2,0,4,0,0
\\192.168.0.108\htdocs\teranex\themes\site\tokbox\node_modules\es6-map\test,11,338,281,265,11,57,0,0,0,0,0
\\192.168.0.108\htdocs\teranex\themes\site\tokbox\node_modules\es6-map\test\lib,3,151,128,117,6,23,0,0,0,0,0
\\192.168.0.108\htdocs\teranex\themes\site\tokbox\node_modules\es6-map\test\primitive,1,60,50,41,1,10,0,0,0,0,0
\\192.168.0.108\htdocs\teranex\themes\site\tokbox\node_modules\es6-set,32,771,638,541,89,131,6,2,22,2,11
\\192.168.0.108\htdocs\teranex\themes\site\tokbox\node_modules\es6-set\ext,6,81,62,52,10,19,3,0,6,0,0
\\192.168.0.108\htdocs\teranex\themes\site\tokbox\node_modules\es6-set\lib,2,85,75,48,10,10,0,0,0,0,0
\\192.168.0.108\htdocs\teranex\themes\site\tokbox\node_modules\es6-set\primitive,1,88,83,61,22,5,1,0,2,0,0
\\192.168.0.108\htdocs\teranex\themes\site\tokbox\node_modules\es6-set\test,16,367,295,282,11,72,0,0,0,0,0
\\192.168.0.108\htdocs\teranex\themes\site\tokbox\node_modules\es6-set\test\ext,6,73,49,47,0,24,0,0,0,0,0
\\192.168.0.108\htdocs\teranex\themes\site\tokbox\node_modules\es6-set\test\lib,2,128,112,100,6,16,0,0,0,0,0
\\192.168.0.108\htdocs\teranex\themes\site\tokbox\node_modules\es6-set\test\primitive,1,51,42,36,1,9,0,0,0,0,0
\\192.168.0.108\htdocs\teranex\themes\site\tokbox\node_modules\es6-symbol,14,277,203,184,32,53,0,21,147,2,20
\\192.168.0.108\htdocs\teranex\themes\site\tokbox\node_modules\es6-symbol\test,7,103,80,86,4,23,0,0,0,0,0
\\192.168.0.108\htdocs\teranex\themes\site\tokbox\node_modules\es6-weak-map,14,223,178,165,33,43,1,2,18,1,11
\\192.168.0.108\htdocs\teranex\themes\site\tokbox\node_modules\es6-weak-map\test,7,91,71,83,3,20,0,0,0,0,0
\\192.168.0.108\htdocs\teranex\themes\site\tokbox\node_modules\escape-html,1,79,43,29,12,14,5,22,72,7,23
\\192.168.0.108\htdocs\teranex\themes\site\tokbox\node_modules\escape-string-regexp,1,12,8,8,2,4,0,0,0,0,0
\\192.168.0.108\htdocs\teranex\themes\site\tokbox\node_modules\escope,41,6823,4747,3895,563,789,12,1287,7702,259,2054
\\192.168.0.108\htdocs\teranex\themes\site\tokbox\node_modules\escope\lib,8,2454,1505,1236,227,354,7,595,3564,0,0
\\192.168.0.108\htdocs\teranex\themes\site\tokbox\node_modules\escope\powered-test,23,2081,1914,1800,135,144,0,23,23,0,0
\\192.168.0.108\htdocs\teranex\themes\site\tokbox\node_modules\escope\src,8,2077,1222,813,194,262,1,593,3548,213,1676
\\192.168.0.108\htdocs\teranex\themes\site\tokbox\node_modules\escope\third_party,1,57,13,5,1,11,0,33,256,23,189
\\192.168.0.108\htdocs\teranex\themes\site\tokbox\node_modules\eslint,324,52639,29691,17384,4286,7987,90,14961,80140,1353,5663
\\192.168.0.108\htdocs\teranex\themes\site\tokbox\node_modules\eslint-config-airbnb,7,579,293,139,3,109,3,177,745,0,0
\\192.168.0.108\htdocs\teranex\themes\site\tokbox\node_modules\eslint-config-airbnb-base,11,1450,669,167,0,300,26,481,2487,0,0
\\192.168.0.108\htdocs\teranex\themes\site\tokbox\node_modules\eslint-config-airbnb-base\rules,8,1363,595,133,0,290,23,478,2451,0,0
\\192.168.0.108\htdocs\teranex\themes\site\tokbox\node_modules\eslint-config-airbnb-base\test,1,33,22,22,0,8,3,3,36,0,0
\\192.168.0.108\htdocs\teranex\themes\site\tokbox\node_modules\eslint-config-airbnb\rules,2,430,176,39,0,84,2,170,704,0,0
\\192.168.0.108\htdocs\teranex\themes\site\tokbox\node_modules\eslint-config-airbnb\test,2,129,100,91,3,22,1,7,41,0,0
\\192.168.0.108\htdocs\teranex\themes\site\tokbox\node_modules\eslint-import-resolver-node,1,48,36,12,7,9,0,3,18,0,0
\\192.168.0.108\htdocs\teranex\themes\site\tokbox\node_modules\eslint-module-utils,9,604,392,112,103,120,9,92,441,4,17
\\192.168.0.108\htdocs\teranex\themes\site\tokbox\node_modules\eslint-plugin-import,53,6140,4481,3258,861,1121,109,538,2338,49,185
\\192.168.0.108\htdocs\teranex\themes\site\tokbox\node_modules\eslint-plugin-import\config,7,114,64,20,0,13,0,37,156,32,125
\\192.168.0.108\htdocs\teranex\themes\site\tokbox\node_modules\eslint-plugin-import\lib,42,3766,2702,2109,440,800,26,264,1257,0,0
\\192.168.0.108\htdocs\teranex\themes\site\tokbox\node_modules\eslint-plugin-import\lib\core,2,122,87,81,17,32,0,3,7,0,0
\\192.168.0.108\htdocs\teranex\themes\site\tokbox\node_modules\eslint-plugin-import\lib\rules,36,3034,2200,1714,326,647,20,187,901,0,0
\\192.168.0.108\htdocs\teranex\themes\site\tokbox\node_modules\eslint-plugin-import\memo-parser,1,42,29,4,3,12,0,1,12,0,0
\\192.168.0.108\htdocs\teranex\themes\site\tokbox\node_modules\eslint-plugin-import\node_modules,3,2218,1686,1125,418,296,83,236,913,17,60
\\192.168.0.108\htdocs\teranex\themes\site\tokbox\node_modules\eslint-plugin-import\node_modules\doctrine,3,2218,1686,1125,418,296,83,236,913,17,60
\\192.168.0.108\htdocs\teranex\themes\site\tokbox\node_modules\eslint-plugin-import\node_modules\doctrine\lib,3,2218,1686,1125,418,296,83,236,913,17,60
\\192.168.0.108\htdocs\teranex\themes\site\tokbox\node_modules\eslint-plugin-jsx-a11y,198,8997,6276,5274,498,1443,33,1278,5012,534,1622
\\192.168.0.108\htdocs\teranex\themes\site\tokbox\node_modules\eslint-plugin-jsx-a11y\__mocks__,5,151,132,69,15,19,0,0,0,0,0
\\192.168.0.108\htdocs\teranex\themes\site\tokbox\node_modules\eslint-plugin-jsx-a11y\__tests__,37,3196,2472,2515,18,323,4,401,1094,243,685
\\192.168.0.108\htdocs\teranex\themes\site\tokbox\node_modules\eslint-plugin-jsx-a11y\__tests__\__util__,1,24,22,9,1,2,0,0,0,0,0
\\192.168.0.108\htdocs\teranex\themes\site\tokbox\node_modules\eslint-plugin-jsx-a11y\__tests__\src,35,3132,2419,2476,17,314,2,399,1085,241,678
\\192.168.0.108\htdocs\teranex\themes\site\tokbox\node_modules\eslint-plugin-jsx-a11y\__tests__\src\rules,29,2794,2109,2251,17,292,2,393,1067,235,660
\\192.168.0.108\htdocs\teranex\themes\site\tokbox\node_modules\eslint-plugin-jsx-a11y\__tests__\src\util,6,338,310,225,0,22,0,6,18,6,18
\\192.168.0.108\htdocs\teranex\themes\site\tokbox\node_modules\eslint-plugin-jsx-a11y\flow,1,9,7,4,0,2,0,0,0,0,0
\\192.168.0.108\htdocs\teranex\themes\site\tokbox\node_modules\eslint-plugin-jsx-a11y\lib,75,2970,1925,1479,249,625,20,420,1932,0,0
\\192.168.0.108\htdocs\teranex\themes\site\tokbox\node_modules\eslint-plugin-jsx-a11y\lib\rules,29,1857,1192,961,150,418,15,247,1075,0,0
\\192.168.0.108\htdocs\teranex\themes\site\tokbox\node_modules\eslint-plugin-jsx-a11y\lib\util,45,1037,660,509,99,205,5,172,854,0,0
\\192.168.0.108\htdocs\teranex\themes\site\tokbox\node_modules\eslint-plugin-jsx-a11y\lib\util\implicitRoles,38,730,477,340,60,142,3,111,421,0,0
\\192.168.0.108\htdocs\teranex\themes\site\tokbox\node_modules\eslint-plugin-jsx-a11y\scripts,5,227,162,102,12,42,3,23,54,0,4
\\192.168.0.108\htdocs\teranex\themes\site\tokbox\node_modules\eslint-plugin-jsx-a11y\scripts\boilerplate,3,95,53,33,0,25,2,17,31,0,4
\\192.168.0.108\htdocs\teranex\themes\site\tokbox\node_modules\eslint-plugin-jsx-a11y\src,75,2444,1578,1105,204,432,6,434,1932,291,933
\\192.168.0.108\htdocs\teranex\themes\site\tokbox\node_modules\eslint-plugin-jsx-a11y\src\rules,29,1712,1119,839,110,332,1,261,1075,200,601
\\192.168.0.108\htdocs\teranex\themes\site\tokbox\node_modules\eslint-plugin-jsx-a11y\src\util,45,657,387,258,94,98,5,172,854,90,329
\\192.168.0.108\htdocs\teranex\themes\site\tokbox\node_modules\eslint-plugin-jsx-a11y\src\util\implicitRoles,38,421,250,157,60,60,3,111,421,90,329
\\192.168.0.108\htdocs\teranex\themes\site\tokbox\node_modules\eslint-plugin-react,71,12670,9009,5474,1691,1531,90,2130,10496,344,1503
\\192.168.0.108\htdocs\teranex\themes\site\tokbox\node_modules\eslint-plugin-react\lib,67,10310,7189,4313,1265,1227,7,1894,9583,327,1443
\\192.168.0.108\htdocs\teranex\themes\site\tokbox\node_modules\eslint-plugin-react\lib\rules,61,9480,6623,3910,1119,1146,4,1711,8534,306,1367
\\192.168.0.108\htdocs\teranex\themes\site\tokbox\node_modules\eslint-plugin-react\lib\util,6,830,566,403,146,81,3,183,1049,21,76
\\192.168.0.108\htdocs\teranex\themes\site\tokbox\node_modules\eslint-plugin-react\node_modules,3,2218,1686,1125,418,296,83,236,913,17,60
\\192.168.0.108\htdocs\teranex\themes\site\tokbox\node_modules\eslint-plugin-react\node_modules\doctrine,3,2218,1686,1125,418,296,83,236,913,17,60
\\192.168.0.108\htdocs\teranex\themes\site\tokbox\node_modules\eslint-plugin-react\node_modules\doctrine\lib,3,2218,1686,1125,418,296,83,236,913,17,60
\\192.168.0.108\htdocs\teranex\themes\site\tokbox\node_modules\eslint-restricted-globals,1,61,60,0,0,1,0,0,0,0,0
\\192.168.0.108\htdocs\teranex\themes\site\tokbox\node_modules\eslint\bin,1,76,42,36,4,17,0,17,54,0,0
\\192.168.0.108\htdocs\teranex\themes\site\tokbox\node_modules\eslint\conf,4,434,373,53,2,23,1,38,112,17,55
\\192.168.0.108\htdocs\teranex\themes\site\tokbox\node_modules\eslint\lib,319,52129,29276,17295,4280,7947,89,14906,79974,1336,5608
\\192.168.0.108\htdocs\teranex\themes\site\tokbox\node_modules\eslint\lib\code-path-analysis,7,3068,1525,1041,254,460,6,1083,5091,36,145
\\192.168.0.108\htdocs\teranex\themes\site\tokbox\node_modules\eslint\lib\config,8,2492,1261,949,194,375,8,856,4704,34,122
\\192.168.0.108\htdocs\teranex\themes\site\tokbox\node_modules\eslint\lib\formatters,12,946,511,425,76,200,0,235,974,48,130
\\192.168.0.108\htdocs\teranex\themes\site\tokbox\node_modules\eslint\lib\internal-rules,2,320,173,104,32,54,0,93,499,8,34
\\192.168.0.108\htdocs\teranex\themes\site\tokbox\node_modules\eslint\lib\rules,244,36257,21498,11994,2984,5505,57,9254,48700,999,4260
\\192.168.0.108\htdocs\teranex\themes\site\tokbox\node_modules\eslint\lib\testers,2,632,323,241,46,100,2,209,1046,8,24
\\192.168.0.108\htdocs\teranex\themes\site\tokbox\node_modules\eslint\lib\token-store,13,1318,539,323,81,151,1,628,4069,52,213
\\192.168.0.108\htdocs\teranex\themes\site\tokbox\node_modules\eslint\lib\util,17,2142,917,607,163,329,6,896,5128,95,491
\\192.168.0.108\htdocs\teranex\themes\site\tokbox\node_modules\eslint\lib\util\patterns,1,38,2,2,0,5,0,31,260,31,260
\\192.168.0.108\htdocs\teranex\themes\site\tokbox\node_modules\espree,6,1496,887,502,147,231,7,378,2183,101,785
\\192.168.0.108\htdocs\teranex\themes\site\tokbox\node_modules\espree\lib,5,695,422,172,40,97,0,176,868,44,291
\\192.168.0.108\htdocs\teranex\themes\site\tokbox\node_modules\esprima,3,7077,6626,4824,1073,100,201,351,2289,0,0
\\192.168.0.108\htdocs\teranex\themes\site\tokbox\node_modules\esprima\bin,2,377,280,232,24,41,1,56,460,0,0
\\192.168.0.108\htdocs\teranex\themes\site\tokbox\node_modules\esprima\dist,1,6700,6346,4592,1049,59,200,295,1829,0,0
\\192.168.0.108\htdocs\teranex\themes\site\tokbox\node_modules\esquery,2,2917,2648,2057,599,183,6,86,514,1,6
\\192.168.0.108\htdocs\teranex\themes\site\tokbox\node_modules\esrecurse,2,211,111,73,17,19,1,81,476,44,377
\\192.168.0.108\htdocs\teranex\themes\site\tokbox\node_modules\estraverse,2,921,689,413,115,121,10,111,726,50,391
\\192.168.0.108\htdocs\teranex\themes\site\tokbox\node_modules\esutils,4,481,315,156,80,60,12,106,853,93,762
\\192.168.0.108\htdocs\teranex\themes\site\tokbox\node_modules\esutils\lib,4,481,315,156,80,60,12,106,853,93,762
\\192.168.0.108\htdocs\teranex\themes\site\tokbox\node_modules\etag,1,132,52,8,14,25,0,55,138,5,13
\\192.168.0.108\htdocs\teranex\themes\site\tokbox\node_modules\event-emitter,14,829,678,659,65,141,3,10,58,0,0
\\192.168.0.108\htdocs\teranex\themes\site\tokbox\node_modules\event-emitter\benchmark,2,158,118,124,18,30,0,10,52,0,0
\\192.168.0.108\htdocs\teranex\themes\site\tokbox\node_modules\event-emitter\test,6,393,330,357,2,63,0,0,0,0,0
\\192.168.0.108\htdocs\teranex\themes\site\tokbox\node_modules\exit-hook,1,31,23,20,3,8,0,0,0,0,0
\\192.168.0.108\htdocs\teranex\themes\site\tokbox\node_modules\express,13,4090,1834,1391,397,674,5,1582,5813,82,266
\\192.168.0.108\htdocs\teranex\themes\site\tokbox\node_modules\express\lib,11,4062,1819,1379,393,668,5,1575,5790,75,243
\\192.168.0.108\htdocs\teranex\themes\site\tokbox\node_modules\express\lib\middleware,2,92,36,29,6,20,0,36,108,14,46
\\192.168.0.108\htdocs\teranex\themes\site\tokbox\node_modules\express\lib\router,3,1062,572,427,133,205,1,285,1098,21,69
\\192.168.0.108\htdocs\teranex\themes\site\tokbox\node_modules\express\node_modules,1,16,13,10,4,3,0,0,0,0,0
\\192.168.0.108\htdocs\teranex\themes\site\tokbox\node_modules\express\node_modules\setprototypeof,1,16,13,10,4,3,0,0,0,0,0
\\192.168.0.108\htdocs\teranex\themes\site\tokbox\node_modules\fast-levenshtein,1,137,82,64,15,23,0,32,142,0,0
\\192.168.0.108\htdocs\teranex\themes\site\tokbox\node_modules\figures,1,148,137,22,5,10,0,1,9,0,0
\\192.168.0.108\htdocs\teranex\themes\site\tokbox\node_modules\file-entry-cache,1,217,133,108,17,29,0,55,276,0,0
\\192.168.0.108\htdocs\teranex\themes\site\tokbox\node_modules\finalhandler,1,332,150,35,35,61,0,121,360,5,13
\\192.168.0.108\htdocs\teranex\themes\site\tokbox\node_modules\find-up,1,54,41,38,8,13,0,0,0,0,0
\\192.168.0.108\htdocs\teranex\themes\site\tokbox\node_modules\flat-cache,2,238,110,98,13,26,2,102,594,0,0
\\192.168.0.108\htdocs\teranex\themes\site\tokbox\node_modules\follow-redirects,3,190,121,108,14,27,0,42,326,0,0
\\192.168.0.108\htdocs\teranex\themes\site\tokbox\node_modules\foreach,2,177,151,157,5,26,0,0,0,0,0
\\192.168.0.108\htdocs\teranex\themes\site\tokbox\node_modules\forwarded,1,77,38,8,11,13,2,26,71,5,13
\\192.168.0.108\htdocs\teranex\themes\site\tokbox\node_modules\fresh,1,138,69,15,25,25,2,44,129,6,18
\\192.168.0.108\htdocs\teranex\themes\site\tokbox\node_modules\fs.realpath,2,371,253,175,58,57,1,61,495,20,169
\\192.168.0.108\htdocs\teranex\themes\site\tokbox\node_modules\function-bind,3,312,270,269,16,40,0,2,6,1,2
\\192.168.0.108\htdocs\teranex\themes\site\tokbox\node_modules\function-bind\test,1,253,224,232,7,28,0,1,2,1,2
\\192.168.0.108\htdocs\teranex\themes\site\tokbox\node_modules\generate-function,3,122,95,25,17,26,1,1,19,0,0
\\192.168.0.108\htdocs\teranex\themes\site\tokbox\node_modules\generate-object-property,2,25,19,4,2,6,0,0,0,0,0
\\192.168.0.108\htdocs\teranex\themes\site\tokbox\node_modules\glob,3,1519,1072,183,324,268,13,179,1285,39,213
\\192.168.0.108\htdocs\teranex\themes\site\tokbox\node_modules\globals,1,2,1,1,0,1,0,0,0,0,0
\\192.168.0.108\htdocs\teranex\themes\site\tokbox\node_modules\globby,1,66,52,42,9,14,0,0,0,0,0
\\192.168.0.108\htdocs\teranex\themes\site\tokbox\node_modules\graceful-fs,4,735,575,212,141,113,4,47,380,0,0
\\192.168.0.108\htdocs\teranex\themes\site\tokbox\node_modules\has,2,15,10,11,0,5,0,0,0,0,0
\\192.168.0.108\htdocs\teranex\themes\site\tokbox\node_modules\has-ansi,1,5,4,4,0,1,1,0,4,0,0
\\192.168.0.108\htdocs\teranex\themes\site\tokbox\node_modules\has-symbols,6,193,119,117,22,48,1,26,101,0,0
\\192.168.0.108\htdocs\teranex\themes\site\tokbox\node_modules\has-symbols\test,4,136,85,83,4,32,0,19,50,0,0
\\192.168.0.108\htdocs\teranex\themes\site\tokbox\node_modules\has-symbols\test\shams,2,58,39,37,2,15,0,4,12,0,0
\\192.168.0.108\htdocs\teranex\themes\site\tokbox\node_modules\has\src,1,4,2,2,0,2,0,0,0,0,0
\\192.168.0.108\htdocs\teranex\themes\site\tokbox\node_modules\has\test,1,11,8,9,0,3,0,0,0,0,0
\\192.168.0.108\htdocs\teranex\themes\site\tokbox\node_modules\hosted-git-info,3,331,286,86,52,34,24,11,112,0,0
\\192.168.0.108\htdocs\teranex\themes\site\tokbox\node_modules\http-errors,6,1067,597,136,121,237,6,233,719,34,88
\\192.168.0.108\htdocs\teranex\themes\site\tokbox\node_modules\http-errors\node_modules,5,806,448,107,94,186,6,172,527,28,70
\\192.168.0.108\htdocs\teranex\themes\site\tokbox\node_modules\http-errors\node_modules\depd,5,806,448,107,94,186,6,172,527,28,70
\\192.168.0.108\htdocs\teranex\themes\site\tokbox\node_modules\http-errors\node_modules\depd\lib,4,285,145,38,26,65,0,75,216,20,52
\\192.168.0.108\htdocs\teranex\themes\site\tokbox\node_modules\http-errors\node_modules\depd\lib\browser,1,78,35,9,7,18,0,25,86,5,13
\\192.168.0.108\htdocs\teranex\themes\site\tokbox\node_modules\http-errors\node_modules\depd\lib\compat,3,207,110,29,19,47,0,50,130,15,39
\\192.168.0.108\htdocs\teranex\themes\site\tokbox\node_modules\iconv-lite,13,2649,1952,1038,254,436,100,261,2538,0,0
\\192.168.0.108\htdocs\teranex\themes\site\tokbox\node_modules\iconv-lite\encodings,9,2109,1576,748,170,317,87,216,2195,0,0
\\192.168.0.108\htdocs\teranex\themes\site\tokbox\node_modules\iconv-lite\lib,4,540,376,290,84,119,13,45,343,0,0
\\192.168.0.108\htdocs\teranex\themes\site\tokbox\node_modules\ignore,1,426,220,150,50,78,3,128,865,0,0
\\192.168.0.108\htdocs\teranex\themes\site\tokbox\node_modules\imurmurhash,2,151,89,84,14,22,1,40,202,22,82
\\192.168.0.108\htdocs\teranex\themes\site\tokbox\node_modules\inflight,1,55,40,12,8,7,0,8,79,0,0
\\192.168.0.108\htdocs\teranex\themes\site\tokbox\node_modules\inherits,2,32,28,15,2,2,0,2,12,0,0
\\192.168.0.108\htdocs\teranex\themes\site\tokbox\node_modules\inquirer,20,2202,1204,1072,169,500,3,498,2113,32,77
\\192.168.0.108\htdocs\teranex\themes\site\tokbox\node_modules\inquirer\lib,20,2202,1204,1072,169,500,3,498,2113,32,77
\\192.168.0.108\htdocs\teranex\themes\site\tokbox\node_modules\inquirer\lib\objects,3,187,102,89,21,35,0,50,235,0,0
\\192.168.0.108\htdocs\teranex\themes\site\tokbox\node_modules\inquirer\lib\prompts,8,1345,727,649,94,330,1,288,998,25,55
\\192.168.0.108\htdocs\teranex\themes\site\tokbox\node_modules\inquirer\lib\ui,3,283,160,142,21,60,2,63,300,3,8
\\192.168.0.108\htdocs\teranex\themes\site\tokbox\node_modules\inquirer\lib\utils,5,307,178,155,30,58,0,71,479,0,0
\\192.168.0.108\htdocs\teranex\themes\site\tokbox\node_modules\interpret,1,142,135,48,1,3,0,4,32,0,0
\\192.168.0.108\htdocs\teranex\themes\site\tokbox\node_modules\ipaddr.js,2,626,570,516,137,56,0,0,0,0,0
\\192.168.0.108\htdocs\teranex\themes\site\tokbox\node_modules\ipaddr.js\lib,1,625,569,439,137,56,0,0,0,0,0
\\192.168.0.108\htdocs\teranex\themes\site\tokbox\node_modules\is-arrayish,1,11,8,6,3,3,0,0,0,0,0
\\192.168.0.108\htdocs\teranex\themes\site\tokbox\node_modules\is-builtin-module,1,11,8,7,2,3,0,0,0,0,0
\\192.168.0.108\htdocs\teranex\themes\site\tokbox\node_modules\is-callable,2,162,135,130,12,24,3,3,16,0,0
\\192.168.0.108\htdocs\teranex\themes\site\tokbox\node_modules\is-date-object,2,55,46,51,4,9,0,0,0,0,0
\\192.168.0.108\htdocs\teranex\themes\site\tokbox\node_modules\is-fullwidth-code-point,1,47,27,8,5,5,3,15,76,0,0
\\192.168.0.108\htdocs\teranex\themes\site\tokbox\node_modules\is-my-ip-valid,2,118,83,17,30,34,1,1,10,0,0
\\192.168.0.108\htdocs\teranex\themes\site\tokbox\node_modules\is-my-json-valid,9,1441,1227,497,150,207,4,7,53,0,0
\\192.168.0.108\htdocs\teranex\themes\site\tokbox\node_modules\is-my-json-valid\test,5,764,678,290,13,84,3,2,13,0,0
\\192.168.0.108\htdocs\teranex\themes\site\tokbox\node_modules\is-my-json-valid\test\fixtures,1,84,82,23,0,2,1,0,3,0,0
\\192.168.0.108\htdocs\teranex\themes\site\tokbox\node_modules\is-path-cwd,1,7,5,5,1,2,0,0,0,0,0
\\192.168.0.108\htdocs\teranex\themes\site\tokbox\node_modules\is-path-in-cwd,1,7,5,5,1,2,0,0,0,0,0
\\192.168.0.108\htdocs\teranex\themes\site\tokbox\node_modules\is-path-inside,1,15,11,10,3,4,0,0,0,0,0
\\192.168.0.108\htdocs\teranex\themes\site\tokbox\node_modules\is-property,1,5,5,1,1,0,0,0,0,0,0
\\192.168.0.108\htdocs\teranex\themes\site\tokbox\node_modules\is-regex,2,99,84,84,9,15,0,0,0,0,0
\\192.168.0.108\htdocs\teranex\themes\site\tokbox\node_modules\is-resolvable,1,17,13,11,3,4,0,0,0,0,0
\\192.168.0.108\htdocs\teranex\themes\site\tokbox\node_modules\is-symbol,2,135,118,105,14,16,0,1,6,0,0
\\192.168.0.108\htdocs\teranex\themes\site\tokbox\node_modules\is-symbol\test,1,107,94,83,6,13,0,0,0,0,0
\\192.168.0.108\htdocs\teranex\themes\site\tokbox\node_modules\isarray,2,27,19,22,1,8,0,0,0,0,0
\\192.168.0.108\htdocs\teranex\themes\site\tokbox\node_modules\jquery,113,30684,19942,14381,4403,5769,20,4973,33540,46,420
\\192.168.0.108\htdocs\teranex\themes\site\tokbox\node_modules\jquery\dist,5,19041,12251,9393,2785,3607,8,3183,21550,31,345
\\192.168.0.108\htdocs\teranex\themes\site\tokbox\node_modules\jquery\external,2,2276,1469,1103,377,346,1,461,2724,11,41
\\192.168.0.108\htdocs\teranex\themes\site\tokbox\node_modules\jquery\external\sizzle,2,2276,1469,1103,377,346,1,461,2724,11,41
\\192.168.0.108\htdocs\teranex\themes\site\tokbox\node_modules\jquery\external\sizzle\dist,2,2276,1469,1103,377,346,1,461,2724,11,41
\\192.168.0.108\htdocs\teranex\themes\site\tokbox\node_modules\jquery\src,106,9367,6222,3885,1241,1816,11,1329,9266,4,34
\\192.168.0.108\htdocs\teranex\themes\site\tokbox\node_modules\jquery\src\ajax,8,480,317,202,46,89,0,74,503,0,0
\\192.168.0.108\htdocs\teranex\themes\site\tokbox\node_modules\jquery\src\ajax\var,3,18,12,12,3,6,0,0,0,0,0
\\192.168.0.108\htdocs\teranex\themes\site\tokbox\node_modules\jquery\src\attributes,5,699,497,306,113,138,0,64,403,0,0
\\192.168.0.108\htdocs\teranex\themes\site\tokbox\node_modules\jquery\src\core,13,601,356,241,70,145,0,100,688,1,4
\\192.168.0.108\htdocs\teranex\themes\site\tokbox\node_modules\jquery\src\core\var,1,7,4,4,1,2,0,1,4,0,0
\\192.168.0.108\htdocs\teranex\themes\site\tokbox\node_modules\jquery\src\css,12,494,315,215,62,107,1,72,589,0,0
\\192.168.0.108\htdocs\teranex\themes\site\tokbox\node_modules\jquery\src\css\var,6,102,55,42,12,26,0,21,187,0,0
\\192.168.0.108\htdocs\teranex\themes\site\tokbox\node_modules\jquery\src\data,4,199,107,71,23,39,0,53,297,0,0
\\192.168.0.108\htdocs\teranex\themes\site\tokbox\node_modules\jquery\src\data\var,3,36,18,14,4,9,0,9,22,0,0
\\192.168.0.108\htdocs\teranex\themes\site\tokbox\node_modules\jquery\src\deferred,1,22,12,8,1,6,0,4,37,0,0
\\192.168.0.108\htdocs\teranex\themes\site\tokbox\node_modules\jquery\src\effects,2,140,104,72,15,23,0,13,114,0,0
\\192.168.0.108\htdocs\teranex\themes\site\tokbox\node_modules\jquery\src\event,5,321,223,136,33,66,0,32,282,0,0
\\192.168.0.108\htdocs\teranex\themes\site\tokbox\node_modules\jquery\src\exports,2,62,30,20,6,16,0,16,157,0,0
\\192.168.0.108\htdocs\teranex\themes\site\tokbox\node_modules\jquery\src\manipulation,9,270,167,108,27,69,0,34,219,0,0
\\192.168.0.108\htdocs\teranex\themes\site\tokbox\node_modules\jquery\src\manipulation\var,3,18,12,12,3,6,0,0,0,0,0
\\192.168.0.108\htdocs\teranex\themes\site\tokbox\node_modules\jquery\src\queue,1,25,18,14,2,5,1,2,18,0,0
\\192.168.0.108\htdocs\teranex\themes\site\tokbox\node_modules\jquery\src\traversing,4,148,112,73,36,30,0,6,47,0,0
\\192.168.0.108\htdocs\teranex\themes\site\tokbox\node_modules\jquery\src\traversing\var,3,50,37,26,11,13,0,0,0,0,0
\\192.168.0.108\htdocs\teranex\themes\site\tokbox\node_modules\jquery\src\var,19,152,100,82,21,43,0,9,57,0,0
\\192.168.0.108\htdocs\teranex\themes\site\tokbox\node_modules\js-tokens,1,24,4,6,0,2,1,18,102,2,11
\\192.168.0.108\htdocs\teranex\themes\site\tokbox\node_modules\js-yaml,33,7913,5671,4384,1194,1748,345,494,4235,27,156
\\192.168.0.108\htdocs\teranex\themes\site\tokbox\node_modules\js-yaml\bin,1,133,82,57,8,41,0,10,27,0,0
\\192.168.0.108\htdocs\teranex\themes\site\tokbox\node_modules\js-yaml\dist,2,3907,2811,2376,593,854,173,242,2106,0,4
\\192.168.0.108\htdocs\teranex\themes\site\tokbox\node_modules\js-yaml\lib,29,3865,2775,1948,593,848,172,242,2102,27,152
\\192.168.0.108\htdocs\teranex\themes\site\tokbox\node_modules\js-yaml\lib\js-yaml,28,3825,2746,1920,592,839,172,240,2091,27,152
\\192.168.0.108\htdocs\teranex\themes\site\tokbox\node_modules\js-yaml\lib\js-yaml\schema,5,118,58,20,0,35,0,25,148,25,148
\\192.168.0.108\htdocs\teranex\themes\site\tokbox\node_modules\js-yaml\lib\js-yaml\type,16,936,652,444,153,228,27,56,396,0,0
\\192.168.0.108\htdocs\teranex\themes\site\tokbox\node_modules\js-yaml\lib\js-yaml\type\js,3,177,120,73,29,39,2,18,122,0,0
\\192.168.0.108\htdocs\teranex\themes\site\tokbox\node_modules\json-stable-stringify,11,346,285,332,39,60,0,1,10,0,0
\\192.168.0.108\htdocs\teranex\themes\site\tokbox\node_modules\json-stable-stringify\example,4,24,18,25,2,6,0,0,0,0,0
\\192.168.0.108\htdocs\teranex\themes\site\tokbox\node_modules\json-stable-stringify\test,6,237,194,236,14,42,0,1,10,0,0
\\192.168.0.108\htdocs\teranex\themes\site\tokbox\node_modules\jsonify,5,465,358,242,78,59,9,48,428,0,6
\\192.168.0.108\htdocs\teranex\themes\site\tokbox\node_modules\jsonify\lib,2,429,330,222,76,51,9,48,428,0,6
\\192.168.0.108\htdocs\teranex\themes\site\tokbox\node_modules\jsonify\test,2,33,26,18,2,7,0,0,0,0,0
\\192.168.0.108\htdocs\teranex\themes\site\tokbox\node_modules\jsonpointer,1,94,77,19,25,15,0,2,10,0,0
\\192.168.0.108\htdocs\teranex\themes\site\tokbox\node_modules\jsx-ast-utils,71,3966,2655,2352,222,849,41,462,2791,55,298
\\192.168.0.108\htdocs\teranex\themes\site\tokbox\node_modules\jsx-ast-utils\__tests__,9,2039,1474,1559,3,539,5,26,123,10,32
\\192.168.0.108\htdocs\teranex\themes\site\tokbox\node_modules\jsx-ast-utils\__tests__\src,8,2019,1459,1546,0,534,5,26,123,10,32
\\192.168.0.108\htdocs\teranex\themes\site\tokbox\node_modules\jsx-ast-utils\lib,26,1074,651,480,114,205,13,218,1324,0,0
\\192.168.0.108\htdocs\teranex\themes\site\tokbox\node_modules\jsx-ast-utils\lib\values,19,763,458,334,81,139,13,166,1031,0,0
\\192.168.0.108\htdocs\teranex\themes\site\tokbox\node_modules\jsx-ast-utils\lib\values\expressions,16,662,405,292,73,122,13,135,867,0,0
\\192.168.0.108\htdocs\teranex\themes\site\tokbox\node_modules\jsx-ast-utils\src,26,833,520,303,105,95,13,218,1324,45,246
\\192.168.0.108\htdocs\teranex\themes\site\tokbox\node_modules\jsx-ast-utils\src\values,19,531,308,208,75,57,13,166,1031,39,222
\\192.168.0.108\htdocs\teranex\themes\site\tokbox\node_modules\jsx-ast-utils\src\values\expressions,16,460,277,183,68,48,13,135,867,28,167
\\192.168.0.108\htdocs\teranex\themes\site\tokbox\node_modules\kuende-livestamp,1,139,111,80,18,25,0,3,19,1,11
\\192.168.0.108\htdocs\teranex\themes\site\tokbox\node_modules\levn,5,825,815,538,185,5,0,5,20,5,20
\\192.168.0.108\htdocs\teranex\themes\site\tokbox\node_modules\levn\lib,5,825,815,538,185,5,0,5,20,5,20
\\192.168.0.108\htdocs\teranex\themes\site\tokbox\node_modules\load-json-file,1,12,9,9,0,3,0,0,0,0,0
\\192.168.0.108\htdocs\teranex\themes\site\tokbox\node_modules\locate-path,2,43,35,30,6,8,0,0,0,0,0
\\192.168.0.108\htdocs\teranex\themes\site\tokbox\node_modules\locate-path\node_modules,1,18,15,14,2,3,0,0,0,0,0
\\192.168.0.108\htdocs\teranex\themes\site\tokbox\node_modules\locate-path\node_modules\path-exists,1,18,15,14,2,3,0,0,0,0,0
\\192.168.0.108\htdocs\teranex\themes\site\tokbox\node_modules\lodash,1046,44842,17322,12124,3256,4443,8,23077,110104,973,4401
\\192.168.0.108\htdocs\teranex\themes\site\tokbox\node_modules\lodash\fp,415,3188,2160,1394,90,823,0,205,1169,6,24
\\192.168.0.108\htdocs\teranex\themes\site\tokbox\node_modules\media-typer,1,271,122,36,29,49,0,100,464,28,199
\\192.168.0.108\htdocs\teranex\themes\site\tokbox\node_modules\merge-descriptors,1,61,22,6,6,13,0,26,87,6,18
\\192.168.0.108\htdocs\teranex\themes\site\tokbox\node_modules\methods,1,70,38,9,3,10,0,22,57,6,18
\\192.168.0.108\htdocs\teranex\themes\site\tokbox\node_modules\mime,4,191,98,89,8,38,11,55,227,3,6
\\192.168.0.108\htdocs\teranex\themes\site\tokbox\node_modules\mime-db,1,12,1,0,0,3,0,8,17,8,17
\\192.168.0.108\htdocs\teranex\themes\site\tokbox\node_modules\mime-types,1,189,89,21,30,41,1,59,188,6,18
\\192.168.0.108\htdocs\teranex\themes\site\tokbox\node_modules\mime\build,2,73,42,42,1,14,10,17,41,3,6
\\192.168.0.108\htdocs\teranex\themes\site\tokbox\node_modules\minimatch,1,924,557,135,132,144,3,223,1599,0,0
\\192.168.0.108\htdocs\teranex\themes\site\tokbox\node_modules\minimist,10,692,594,459,29,90,0,8,26,0,0
\\192.168.0.108\htdocs\teranex\themes\site\tokbox\node_modules\minimist\example,1,3,2,2,0,1,0,0,0,0,0
\\192.168.0.108\htdocs\teranex\themes\site\tokbox\node_modules\minimist\test,8,501,435,327,0,61,0,5,11,0,0
\\192.168.0.108\htdocs\teranex\themes\site\tokbox\node_modules\mkdirp,18,615,498,451,31,99,0,18,152,0,0
\\192.168.0.108\htdocs\teranex\themes\site\tokbox\node_modules\mkdirp\bin,1,34,27,20,4,7,0,0,0,0,0
\\192.168.0.108\htdocs\teranex\themes\site\tokbox\node_modules\mkdirp\examples,1,7,5,3,1,2,0,0,0,0,0
\\192.168.0.108\htdocs\teranex\themes\site\tokbox\node_modules\mkdirp\test,15,475,390,366,8,75,0,10,86,0,0
\\192.168.0.108\htdocs\teranex\themes\site\tokbox\node_modules\moment,357,55174,48806,21139,6791,4337,1208,2031,28994,544,9487
\\192.168.0.108\htdocs\teranex\themes\site\tokbox\node_modules\moment\locale,122,11185,10181,3453,1312,825,261,179,3525,121,484
\\192.168.0.108\htdocs\teranex\themes\site\tokbox\node_modules\moment\min,5,23962,21871,8875,2895,1401,578,690,15837,0,6663
\\192.168.0.108\htdocs\teranex\themes\site\tokbox\node_modules\moment\src,227,15506,13292,6238,1824,1385,315,829,7505,422,2338
\\192.168.0.108\htdocs\teranex\themes\site\tokbox\node_modules\moment\src\lib,104,5075,3889,3229,757,834,45,352,2108,4,21
\\192.168.0.108\htdocs\teranex\themes\site\tokbox\node_modules\moment\src\lib\create,12,819,636,499,112,119,1,64,470,0,0
\\192.168.0.108\htdocs\teranex\themes\site\tokbox\node_modules\moment\src\lib\duration,13,624,473,382,69,105,12,46,402,1,3
\\192.168.0.108\htdocs\teranex\themes\site\tokbox\node_modules\moment\src\lib\format,1,93,71,59,21,17,0,5,21,0,0
\\192.168.0.108\htdocs\teranex\themes\site\tokbox\node_modules\moment\src\lib\locale,14,608,472,340,75,95,1,41,243,1,3
\\192.168.0.108\htdocs\teranex\themes\site\tokbox\node_modules\moment\src\lib\moment,19,851,674,559,137,121,11,56,327,0,0
\\192.168.0.108\htdocs\teranex\themes\site\tokbox\node_modules\moment\src\lib\parse,2,89,68,72,11,18,16,3,79,0,3
\\192.168.0.108\htdocs\teranex\themes\site\tokbox\node_modules\moment\src\lib\units,20,1712,1272,1154,266,311,3,129,510,1,3
\\192.168.0.108\htdocs\teranex\themes\site\tokbox\node_modules\moment\src\lib\utils,23,279,223,164,66,48,1,8,56,1,9
\\192.168.0.108\htdocs\teranex\themes\site\tokbox\node_modules\moment\src\locale,122,10335,9326,2964,1067,538,261,471,5337,413,2296
\\192.168.0.108\htdocs\teranex\themes\site\tokbox\node_modules\ms,1,153,101,50,27,12,0,40,116,3,4
\\192.168.0.108\htdocs\teranex\themes\site\tokbox\node_modules\mute-stream,2,349,296,59,18,45,0,8,58,0,0
\\192.168.0.108\htdocs\teranex\themes\site\tokbox\node_modules\mute-stream\test,1,208,184,30,2,22,0,2,13,0,0
\\192.168.0.108\htdocs\teranex\themes\site\tokbox\node_modules\natural-compare,1,58,39,10,8,12,4,7,25,7,21
\\192.168.0.108\htdocs\teranex\themes\site\tokbox\node_modules\ncp,2,459,401,320,71,54,2,4,42,0,0
\\192.168.0.108\htdocs\teranex\themes\site\tokbox\node_modules\ncp\lib,1,262,231,166,61,27,2,4,42,0,0
\\192.168.0.108\htdocs\teranex\themes\site\tokbox\node_modules\ncp\test,1,197,170,154,10,27,0,0,0,0,0
\\192.168.0.108\htdocs\teranex\themes\site\tokbox\node_modules\negotiator,5,955,493,344,127,191,1,271,763,35,120
\\192.168.0.108\htdocs\teranex\themes\site\tokbox\node_modules\negotiator\lib,4,830,419,280,109,167,1,244,684,28,96
\\192.168.0.108\htdocs\teranex\themes\site\tokbox\node_modules\next-tick,2,95,78,76,20,12,1,5,19,0,0
\\192.168.0.108\htdocs\teranex\themes\site\tokbox\node_modules\next-tick\test,1,23,20,23,0,3,0,0,0,0,0
\\192.168.0.108\htdocs\teranex\themes\site\tokbox\node_modules\normalize-package-data,5,507,448,143,114,50,1,9,77,0,0
\\192.168.0.108\htdocs\teranex\themes\site\tokbox\node_modules\normalize-package-data\lib,5,507,448,143,114,50,1,9,77,0,0
\\192.168.0.108\htdocs\teranex\themes\site\tokbox\node_modules\number-is-nan,1,5,4,4,1,1,0,0,0,0,0
\\192.168.0.108\htdocs\teranex\themes\site\tokbox\node_modules\object-assign,1,91,65,52,21,15,1,11,38,5,7
\\192.168.0.108\htdocs\teranex\themes\site\tokbox\node_modules\object-keys,3,165,145,94,31,16,0,4,12,0,0
\\192.168.0.108\htdocs\teranex\themes\site\tokbox\node_modules\object-keys\test,1,6,3,3,0,3,0,0,0,0,0
\\192.168.0.108\htdocs\teranex\themes\site\tokbox\node_modules\object.assign,11,1008,813,796,137,161,2,34,270,0,0
\\192.168.0.108\htdocs\teranex\themes\site\tokbox\node_modules\object.assign\dist,1,493,401,337,91,73,2,19,130,0,0
\\192.168.0.108\htdocs\teranex\themes\site\tokbox\node_modules\object.assign\test,4,342,279,341,6,57,0,6,66,0,0
\\192.168.0.108\htdocs\teranex\themes\site\tokbox\node_modules\on-finished,1,197,80,18,20,42,0,75,215,6,18
\\192.168.0.108\htdocs\teranex\themes\site\tokbox\node_modules\once,1,43,38,9,8,5,0,0,0,0,0
\\192.168.0.108\htdocs\teranex\themes\site\tokbox\node_modules\onetime,1,32,24,21,6,8,0,0,0,0,0
\\192.168.0.108\htdocs\teranex\themes\site\tokbox\node_modules\opentok-accelerator-core,28,16223,11589,9288,1561,1774,200,2860,13779,18,58
\\192.168.0.108\htdocs\teranex\themes\site\tokbox\node_modules\opentok-accelerator-core\browser,1,10925,8212,6655,1295,1098,170,1615,8305,0,0
\\192.168.0.108\htdocs\teranex\themes\site\tokbox\node_modules\opentok-accelerator-core\dist,11,2767,1763,1314,154,407,8,597,2651,0,0
\\192.168.0.108\htdocs\teranex\themes\site\tokbox\node_modules\opentok-accelerator-core\dist\sdk-wrapper,4,736,429,372,37,120,1,187,854,0,0
\\192.168.0.108\htdocs\teranex\themes\site\tokbox\node_modules\opentok-accelerator-core\sample-app,4,454,389,268,3,58,8,7,49,1,8
\\192.168.0.108\htdocs\teranex\themes\site\tokbox\node_modules\opentok-accelerator-core\sample-app\src,4,454,389,268,3,58,8,7,49,1,8
\\192.168.0.108\htdocs\teranex\themes\site\tokbox\node_modules\opentok-accelerator-core\src,11,2011,1203,1050,109,211,10,597,2683,17,50
\\192.168.0.108\htdocs\teranex\themes\site\tokbox\node_modules\opentok-accelerator-core\src\sdk-wrapper,4,549,298,281,26,64,1,187,854,4,10
\\192.168.0.108\htdocs\teranex\themes\site\tokbox\node_modules\opentok-annotation,18,7123,5397,4576,424,977,84,749,5634,17,487
\\192.168.0.108\htdocs\teranex\themes\site\tokbox\node_modules\opentok-annotation\css,1,235,200,150,0,33,16,2,23,1,2
\\192.168.0.108\htdocs\teranex\themes\site\tokbox\node_modules\opentok-annotation\dist,3,2865,2159,1781,182,412,36,294,2539,2,323
\\192.168.0.108\htdocs\teranex\themes\site\tokbox\node_modules\opentok-annotation\src,2,2628,1957,1370,182,379,19,292,2202,9,30
\\192.168.0.108\htdocs\teranex\themes\site\tokbox\node_modules\opentok-annotation\templates,1,7,1,9,0,2,1,4,120,4,120
\\192.168.0.108\htdocs\teranex\themes\site\tokbox\node_modules\opentok-annotation\test,10,1328,1055,1265,60,150,8,123,672,1,12
\\192.168.0.108\htdocs\teranex\themes\site\tokbox\node_modules\opentok-annotation\test\components,1,323,200,144,20,60,2,63,331,1,6
\\192.168.0.108\htdocs\teranex\themes\site\tokbox\node_modules\opentok-annotation\test\coverage,8,754,650,958,38,56,2,48,282,0,6
\\192.168.0.108\htdocs\teranex\themes\site\tokbox\node_modules\opentok-annotation\test\coverage\report-html,4,377,325,479,19,28,1,24,141,0,3
\\192.168.0.108\htdocs\teranex\themes\site\tokbox\node_modules\opentok-annotation\test\coverage\report-lcov,4,377,325,479,19,28,1,24,141,0,3
\\192.168.0.108\htdocs\teranex\themes\site\tokbox\node_modules\opentok-annotation\test\coverage\report-lcov\lcov-report,4,377,325,479,19,28,1,24,141,0,3
\\192.168.0.108\htdocs\teranex\themes\site\tokbox\node_modules\opentok-archiving,6,631,513,452,21,87,5,31,162,1,4
\\192.168.0.108\htdocs\teranex\themes\site\tokbox\node_modules\opentok-archiving\css,2,209,183,149,0,19,1,7,28,0,0
\\192.168.0.108\htdocs\teranex\themes\site\tokbox\node_modules\opentok-archiving\dist,2,186,143,163,12,31,2,12,67,0,0
\\192.168.0.108\htdocs\teranex\themes\site\tokbox\node_modules\opentok-archiving\src,1,211,168,129,9,31,2,12,67,1,4
\\192.168.0.108\htdocs\teranex\themes\site\tokbox\node_modules\opentok-screen-sharing,17,2627,2018,1997,152,359,28,250,1246,4,25
\\192.168.0.108\htdocs\teranex\themes\site\tokbox\node_modules\opentok-screen-sharing\css,1,108,101,84,0,6,0,1,3,1,3
\\192.168.0.108\htdocs\teranex\themes\site\tokbox\node_modules\opentok-screen-sharing\dist,3,662,502,445,46,108,8,52,258,1,3
\\192.168.0.108\htdocs\teranex\themes\site\tokbox\node_modules\opentok-screen-sharing\src,2,553,400,265,46,102,8,51,255,1,7
\\192.168.0.108\htdocs\teranex\themes\site\tokbox\node_modules\opentok-screen-sharing\test,10,1238,984,1199,60,142,8,112,646,1,12
\\192.168.0.108\htdocs\teranex\themes\site\tokbox\node_modules\opentok-screen-sharing\test\components,1,323,200,144,20,60,2,63,331,1,6
\\192.168.0.108\htdocs\teranex\themes\site\tokbox\node_modules\opentok-screen-sharing\test\coverage,8,754,650,958,38,56,2,48,282,0,6
\\192.168.0.108\htdocs\teranex\themes\site\tokbox\node_modules\opentok-screen-sharing\test\coverage\report-html,4,377,325,479,19,28,1,24,141,0,3
\\192.168.0.108\htdocs\teranex\themes\site\tokbox\node_modules\opentok-screen-sharing\test\coverage\report-lcov,4,377,325,479,19,28,1,24,141,0,3
\\192.168.0.108\htdocs\teranex\themes\site\tokbox\node_modules\opentok-screen-sharing\test\coverage\report-lcov\lcov-report,4,377,325,479,19,28,1,24,141,0,3
\\192.168.0.108\htdocs\teranex\themes\site\tokbox\node_modules\opentok-solutions-css,1,1160,992,792,0,153,17,15,84,0,0
\\192.168.0.108\htdocs\teranex\themes\site\tokbox\node_modules\opentok-solutions-logging,3,197,133,141,25,20,5,44,209,0,0
\\192.168.0.108\htdocs\teranex\themes\site\tokbox\node_modules\opentok-solutions-logging\dist,1,1,1,30,0,0,0,0,0,0,0
\\192.168.0.108\htdocs\teranex\themes\site\tokbox\node_modules\opentok-solutions-logging\src,1,181,121,102,24,16,5,44,209,0,0
\\192.168.0.108\htdocs\teranex\themes\site\tokbox\node_modules\opentok-text-chat,15,3925,3295,2806,122,474,12,156,746,2,14
\\192.168.0.108\htdocs\teranex\themes\site\tokbox\node_modules\opentok-text-chat\css,1,866,769,466,0,97,2,0,2,0,0
\\192.168.0.108\htdocs\teranex\themes\site\tokbox\node_modules\opentok-text-chat\dist,3,1476,1241,925,41,198,3,37,190,1,4
\\192.168.0.108\htdocs\teranex\themes\site\tokbox\node_modules\opentok-text-chat\src,1,609,471,346,41,101,1,37,188,1,4
\\192.168.0.108\htdocs\teranex\themes\site\tokbox\node_modules\opentok-text-chat\test,9,909,784,1065,40,77,2,48,282,0,6
\\192.168.0.108\htdocs\teranex\themes\site\tokbox\node_modules\opentok-text-chat\test\coverage,8,754,650,958,38,56,2,48,282,0,6
\\192.168.0.108\htdocs\teranex\themes\site\tokbox\node_modules\opentok-text-chat\test\coverage\report-html,4,377,325,479,19,28,1,24,141,0,3
\\192.168.0.108\htdocs\teranex\themes\site\tokbox\node_modules\opentok-text-chat\test\coverage\report-lcov,4,377,325,479,19,28,1,24,141,0,3
\\192.168.0.108\htdocs\teranex\themes\site\tokbox\node_modules\opentok-text-chat\test\coverage\report-lcov\lcov-report,4,377,325,479,19,28,1,24,141,0,3
\\192.168.0.108\htdocs\teranex\themes\site\tokbox\node_modules\optionator,3,769,763,606,165,3,0,3,12,3,12
\\192.168.0.108\htdocs\teranex\themes\site\tokbox\node_modules\optionator\lib,3,769,763,606,165,3,0,3,12,3,12
\\192.168.0.108\htdocs\teranex\themes\site\tokbox\node_modules\os-homedir,1,25,18,14,7,7,0,0,0,0,0
\\192.168.0.108\htdocs\teranex\themes\site\tokbox\node_modules\p-limit,1,43,35,29,4,8,0,0,0,0,0
\\192.168.0.108\htdocs\teranex\themes\site\tokbox\node_modules\p-locate,1,32,21,16,1,8,0,3,27,0,0
\\192.168.0.108\htdocs\teranex\themes\site\tokbox\node_modules\p-try,1,5,4,4,0,1,0,0,0,0,0
\\192.168.0.108\htdocs\teranex\themes\site\tokbox\node_modules\parse-json,3,861,626,185,182,149,5,86,380,11,37
\\192.168.0.108\htdocs\teranex\themes\site\tokbox\node_modules\parse-json\vendor,2,825,597,163,179,142,5,86,380,11,37
\\192.168.0.108\htdocs\teranex\themes\site\tokbox\node_modules\parseurl,1,155,75,15,20,28,8,52,167,6,18
\\192.168.0.108\htdocs\teranex\themes\site\tokbox\node_modules\path-exists,1,25,20,19,3,5,0,0,0,0,0
\\192.168.0.108\htdocs\teranex\themes\site\tokbox\node_modules\path-is-absolute,1,21,14,13,2,5,0,2,6,0,0
\\192.168.0.108\htdocs\teranex\themes\site\tokbox\node_modules\path-is-inside,1,29,21,14,5,6,0,2,25,0,0
\\192.168.0.108\htdocs\teranex\themes\site\tokbox\node_modules\path-is-inside\lib,1,29,21,14,5,6,0,2,25,0,0
\\192.168.0.108\htdocs\teranex\themes\site\tokbox\node_modules\path-parse,4,174,136,121,9,29,4,9,125,0,52
\\192.168.0.108\htdocs\teranex\themes\site\tokbox\node_modules\path-to-regexp,1,130,80,53,14,23,2,27,143,3,5
\\192.168.0.108\htdocs\teranex\themes\site\tokbox\node_modules\path-type,1,27,21,19,5,6,0,0,0,0,0
\\192.168.0.108\htdocs\teranex\themes\site\tokbox\node_modules\pify,1,69,52,49,13,17,0,0,0,0,0
\\192.168.0.108\htdocs\teranex\themes\site\tokbox\node_modules\pinkie,1,293,229,169,42,56,0,8,22,0,0
\\192.168.0.108\htdocs\teranex\themes\site\tokbox\node_modules\pinkie-promise,1,4,2,2,0,2,0,0,0,0,0
\\192.168.0.108\htdocs\teranex\themes\site\tokbox\node_modules\pkg-dir,1,15,12,14,3,3,0,0,0,0,0
\\192.168.0.108\htdocs\teranex\themes\site\tokbox\node_modules\pluralize,1,434,278,94,35,35,4,121,432,1,3
\\192.168.0.108\htdocs\teranex\themes\site\tokbox\node_modules\prelude-ls,6,1305,1299,1028,286,0,0,6,24,6,24
\\192.168.0.108\htdocs\teranex\themes\site\tokbox\node_modules\prelude-ls\lib,6,1305,1299,1028,286,0,0,6,24,6,24
\\192.168.0.108\htdocs\teranex\themes\site\tokbox\node_modules\process-nextick-args,1,45,41,27,9,4,0,0,0,0,0
\\192.168.0.108\htdocs\teranex\themes\site\tokbox\node_modules\progress,2,183,79,67,11,29,0,75,370,8,18
\\192.168.0.108\htdocs\teranex\themes\site\tokbox\node_modules\progress\lib,1,181,78,66,11,28,0,75,370,8,18
\\192.168.0.108\htdocs\teranex\themes\site\tokbox\node_modules\proxy-addr,1,328,169,39,47,67,0,92,250,5,13
\\192.168.0.108\htdocs\teranex\themes\site\tokbox\node_modules\qs,10,2461,2036,2053,238,403,24,22,210,0,0
\\192.168.0.108\htdocs\teranex\themes\site\tokbox\node_modules\qs\dist,1,627,506,380,110,110,12,11,105,0,0
\\192.168.0.108\htdocs\teranex\themes\site\tokbox\node_modules\qs\lib,5,620,499,351,110,110,12,11,105,0,0
\\192.168.0.108\htdocs\teranex\themes\site\tokbox\node_modules\qs\test,4,1214,1031,1322,18,183,0,0,0,0,0
\\192.168.0.108\htdocs\teranex\themes\site\tokbox\node_modules\range-parser,1,159,74,19,17,32,0,53,153,6,18
\\192.168.0.108\htdocs\teranex\themes\site\tokbox\node_modules\raw-body,1,287,163,42,30,51,0,73,236,6,18
\\192.168.0.108\htdocs\teranex\themes\site\tokbox\node_modules\read-pkg,1,48,37,32,9,11,0,0,0,0,0
\\192.168.0.108\htdocs\teranex\themes\site\tokbox\node_modules\read-pkg-up,2,76,58,58,13,17,0,1,2,0,0
\\192.168.0.108\htdocs\teranex\themes\site\tokbox\node_modules\read-pkg-up\node_modules,1,49,37,38,6,11,0,1,2,0,0
\\192.168.0.108\htdocs\teranex\themes\site\tokbox\node_modules\read-pkg-up\node_modules\find-up,1,49,37,38,6,11,0,1,2,0,0
\\192.168.0.108\htdocs\teranex\themes\site\tokbox\node_modules\readable-stream,17,2281,1405,1183,290,371,2,505,3940,151,1288
\\192.168.0.108\htdocs\teranex\themes\site\tokbox\node_modules\readable-stream\lib,9,2234,1367,1154,288,362,2,505,3940,151,1288
\\192.168.0.108\htdocs\teranex\themes\site\tokbox\node_modules\readable-stream\lib\internal,4,157,122,109,24,29,0,6,49,0,0
\\192.168.0.108\htdocs\teranex\themes\site\tokbox\node_modules\readable-stream\lib\internal\streams,4,157,122,109,24,29,0,6,49,0,0
\\192.168.0.108\htdocs\teranex\themes\site\tokbox\node_modules\readline2,1,127,84,76,12,20,3,23,152,4,28
\\192.168.0.108\htdocs\teranex\themes\site\tokbox\node_modules\rechoir,4,104,94,75,24,10,0,0,0,0,0
\\192.168.0.108\htdocs\teranex\themes\site\tokbox\node_modules\rechoir\lib,3,44,37,31,10,7,0,0,0,0,0
\\192.168.0.108\htdocs\teranex\themes\site\tokbox\node_modules\require-uncached,1,30,20,16,5,7,0,3,12,0,0
\\192.168.0.108\htdocs\teranex\themes\site\tokbox\node_modules\resolve,48,1819,1491,1352,169,320,9,8,83,1,16
\\192.168.0.108\htdocs\teranex\themes\site\tokbox\node_modules\resolve-from,1,20,15,11,2,5,0,0,0,0,0
\\192.168.0.108\htdocs\teranex\themes\site\tokbox\node_modules\resolve\example,2,10,8,10,1,2,0,0,0,0,0
\\192.168.0.108\htdocs\teranex\themes\site\tokbox\node_modules\resolve\lib,5,407,346,292,96,57,2,4,29,0,0
\\192.168.0.108\htdocs\teranex\themes\site\tokbox\node_modules\resolve\test,40,1393,1130,1042,72,259,7,4,54,1,16
\\192.168.0.108\htdocs\teranex\themes\site\tokbox\node_modules\resolve\test\dotdot,2,5,3,3,0,2,0,0,0,0,0
\\192.168.0.108\htdocs\teranex\themes\site\tokbox\node_modules\resolve\test\dotdot\abc,1,3,2,2,0,1,0,0,0,0,0
\\192.168.0.108\htdocs\teranex\themes\site\tokbox\node_modules\resolve\test\module_dir,3,6,3,6,0,3,0,0,0,0,0
\\192.168.0.108\htdocs\teranex\themes\site\tokbox\node_modules\resolve\test\module_dir\xmodules,1,2,1,2,0,1,0,0,0,0,0
\\192.168.0.108\htdocs\teranex\themes\site\tokbox\node_modules\resolve\test\module_dir\xmodules\aaa,1,2,1,2,0,1,0,0,0,0,0
\\192.168.0.108\htdocs\teranex\themes\site\tokbox\node_modules\resolve\test\module_dir\ymodules,1,2,1,2,0,1,0,0,0,0,0
\\192.168.0.108\htdocs\teranex\themes\site\tokbox\node_modules\resolve\test\module_dir\ymodules\aaa,1,2,1,2,0,1,0,0,0,0,0
\\192.168.0.108\htdocs\teranex\themes\site\tokbox\node_modules\resolve\test\module_dir\zmodules,1,2,1,2,0,1,0,0,0,0,0
\\192.168.0.108\htdocs\teranex\themes\site\tokbox\node_modules\resolve\test\module_dir\zmodules\bbb,1,2,1,2,0,1,0,0,0,0,0
\\192.168.0.108\htdocs\teranex\themes\site\tokbox\node_modules\resolve\test\node_path,4,8,4,4,0,4,0,0,0,0,0
\\192.168.0.108\htdocs\teranex\themes\site\tokbox\node_modules\resolve\test\node_path\x,2,4,2,2,0,2,0,0,0,0,0
\\192.168.0.108\htdocs\teranex\themes\site\tokbox\node_modules\resolve\test\node_path\x\aaa,1,2,1,1,0,1,0,0,0,0,0
\\192.168.0.108\htdocs\teranex\themes\site\tokbox\node_modules\resolve\test\node_path\x\ccc,1,2,1,1,0,1,0,0,0,0,0
\\192.168.0.108\htdocs\teranex\themes\site\tokbox\node_modules\resolve\test\node_path\y,2,4,2,2,0,2,0,0,0,0,0
\\192.168.0.108\htdocs\teranex\themes\site\tokbox\node_modules\resolve\test\node_path\y\bbb,1,2,1,1,0,1,0,0,0,0,0
\\192.168.0.108\htdocs\teranex\themes\site\tokbox\node_modules\resolve\test\node_path\y\ccc,1,2,1,1,0,1,0,0,0,0,0
\\192.168.0.108\htdocs\teranex\themes\site\tokbox\node_modules\resolve\test\pathfilter,0,0,0,0,0,0,0,0,0,0,0
\\192.168.0.108\htdocs\teranex\themes\site\tokbox\node_modules\resolve\test\pathfilter\deep_ref,0,0,0,0,0,0,0,0,0,0,0
\\192.168.0.108\htdocs\teranex\themes\site\tokbox\node_modules\resolve\test\precedence,5,10,5,5,0,5,1,0,2,0,2
\\192.168.0.108\htdocs\teranex\themes\site\tokbox\node_modules\resolve\test\precedence\aaa,2,4,2,2,0,2,0,0,0,0,0
\\192.168.0.108\htdocs\teranex\themes\site\tokbox\node_modules\resolve\test\precedence\bbb,1,2,1,1,0,1,1,0,2,0,2
\\192.168.0.108\htdocs\teranex\themes\site\tokbox\node_modules\resolve\test\resolver,9,23,12,12,0,10,0,1,14,1,14
\\192.168.0.108\htdocs\teranex\themes\site\tokbox\node_modules\resolve\test\resolver\baz,1,2,1,1,0,1,0,0,0,0,0
\\192.168.0.108\htdocs\teranex\themes\site\tokbox\node_modules\resolve\test\resolver\dot_main,1,2,1,1,0,1,0,0,0,0,0
\\192.168.0.108\htdocs\teranex\themes\site\tokbox\node_modules\resolve\test\resolver\dot_slash_main,1,2,1,1,0,1,0,0,0,0,0
\\192.168.0.108\htdocs\teranex\themes\site\tokbox\node_modules\resolve\test\resolver\incorrect_main,1,3,1,1,0,1,0,1,14,1,14
\\192.168.0.108\htdocs\teranex\themes\site\tokbox\node_modules\resolve\test\resolver\other_path,0,0,0,0,0,0,0,0,0,0,0
\\192.168.0.108\htdocs\teranex\themes\site\tokbox\node_modules\resolve\test\resolver\other_path\lib,0,0,0,0,0,0,0,0,0,0,0
\\192.168.0.108\htdocs\teranex\themes\site\tokbox\node_modules\resolve\test\resolver\quux,1,2,1,1,0,1,0,0,0,0,0
\\192.168.0.108\htdocs\teranex\themes\site\tokbox\node_modules\resolve\test\resolver\quux\foo,1,2,1,1,0,1,0,0,0,0,0
\\192.168.0.108\htdocs\teranex\themes\site\tokbox\node_modules\resolve\test\resolver\same_names,2,4,2,2,0,2,0,0,0,0,0
\\192.168.0.108\htdocs\teranex\themes\site\tokbox\node_modules\resolve\test\resolver\same_names\foo,1,2,1,1,0,1,0,0,0,0,0
\\192.168.0.108\htdocs\teranex\themes\site\tokbox\node_modules\resolve\test\resolver\symlinked,0,0,0,0,0,0,0,0,0,0,0
\\192.168.0.108\htdocs\teranex\themes\site\tokbox\node_modules\resolve\test\resolver\symlinked\_,0,0,0,0,0,0,0,0,0,0,0
\\192.168.0.108\htdocs\teranex\themes\site\tokbox\node_modules\resolve\test\resolver\symlinked\_\node_modules,0,0,0,0,0,0,0,0,0,0,0
\\192.168.0.108\htdocs\teranex\themes\site\tokbox\node_modules\resolve\test\resolver\without_basedir,1,6,4,4,0,2,0,0,0,0,0
\\192.168.0.108\htdocs\teranex\themes\site\tokbox\node_modules\restore-cursor,1,10,8,8,0,2,0,0,0,0,0
\\192.168.0.108\htdocs\teranex\themes\site\tokbox\node_modules\rimraf,2,416,328,60,79,55,0,33,291,0,0
\\192.168.0.108\htdocs\teranex\themes\site\tokbox\node_modules\run-async,2,78,58,56,4,13,0,7,39,0,0
\\192.168.0.108\htdocs\teranex\themes\site\tokbox\node_modules\rx-lite,2,6372,4511,4901,863,790,1,1071,9478,2,36
\\192.168.0.108\htdocs\teranex\themes\site\tokbox\node_modules\safe-buffer,2,165,139,41,14,21,1,5,24,2,6
\\192.168.0.108\htdocs\teranex\themes\site\tokbox\node_modules\semver,1,1325,978,698,247,204,17,143,1058,0,0
\\192.168.0.108\htdocs\teranex\themes\site\tokbox\node_modules\send,1,1131,587,115,143,196,3,348,999,6,18
\\192.168.0.108\htdocs\teranex\themes\site\tokbox\node_modules\serve-static,1,211,113,22,24,39,1,59,171,7,23
\\192.168.0.108\htdocs\teranex\themes\site\tokbox\node_modules\setprototypeof,1,16,13,10,4,3,0,0,0,0,0
\\192.168.0.108\htdocs\teranex\themes\site\tokbox\node_modules\shelljs,34,3609,2220,1696,381,469,72,920,5248,11,38
\\192.168.0.108\htdocs\teranex\themes\site\tokbox\node_modules\shelljs\src,29,3336,2121,1639,373,432,67,783,4709,2,9
\\192.168.0.108\htdocs\teranex\themes\site\tokbox\node_modules\slice-ansi,1,81,69,35,8,12,0,0,0,0,0
\\192.168.0.108\htdocs\teranex\themes\site\tokbox\node_modules\spdx-correct,1,327,269,56,64,15,0,43,185,15,84
\\192.168.0.108\htdocs\teranex\themes\site\tokbox\node_modules\spdx-expression-parse,3,280,224,63,58,43,0,13,86,0,0
\\192.168.0.108\htdocs\teranex\themes\site\tokbox\node_modules\sprintf-js,6,356,313,99,46,30,5,13,51,2,20
\\192.168.0.108\htdocs\teranex\themes\site\tokbox\node_modules\sprintf-js\dist,2,8,2,27,0,2,0,4,22,2,20
\\192.168.0.108\htdocs\teranex\themes\site\tokbox\node_modules\sprintf-js\src,2,228,207,53,46,15,4,6,24,0,0
\\192.168.0.108\htdocs\teranex\themes\site\tokbox\node_modules\sprintf-js\test,1,83,72,10,0,8,1,3,5,0,0
\\192.168.0.108\htdocs\teranex\themes\site\tokbox\node_modules\statuses,1,114,53,9,10,22,0,39,148,6,18
\\192.168.0.108\htdocs\teranex\themes\site\tokbox\node_modules\string-width,1,38,26,21,7,9,0,3,5,0,0
\\192.168.0.108\htdocs\teranex\themes\site\tokbox\node_modules\string_decoder,1,272,218,165,71,21,1,33,346,0,0
\\192.168.0.108\htdocs\teranex\themes\site\tokbox\node_modules\string_decoder\lib,1,272,218,165,71,21,1,33,346,0,0
\\192.168.0.108\htdocs\teranex\themes\site\tokbox\node_modules\strip-ansi,1,7,5,5,1,2,0,0,0,0,0
\\192.168.0.108\htdocs\teranex\themes\site\tokbox\node_modules\strip-bom,1,15,10,8,4,3,0,2,14,0,0
\\192.168.0.108\htdocs\teranex\themes\site\tokbox\node_modules\strip-json-comments,1,71,56,49,8,10,3,5,28,0,0
\\192.168.0.108\htdocs\teranex\themes\site\tokbox\node_modules\supports-color,1,51,40,27,18,11,0,0,0,0,0
\\192.168.0.108\htdocs\teranex\themes\site\tokbox\node_modules\table,56,4797,3798,2661,363,579,3,420,1414,8,24
\\192.168.0.108\htdocs\teranex\themes\site\tokbox\node_modules\table\dist,24,2969,2244,1530,344,381,0,344,1190,0,0
\\192.168.0.108\htdocs\teranex\themes\site\tokbox\node_modules\table\node_modules,4,100,64,37,13,18,3,18,85,0,0
\\192.168.0.108\htdocs\teranex\themes\site\tokbox\node_modules\table\node_modules\ansi-regex,1,11,8,7,1,3,0,0,0,0,0
\\192.168.0.108\htdocs\teranex\themes\site\tokbox\node_modules\table\node_modules\is-fullwidth-code-point,1,47,29,8,5,3,3,15,78,0,0
\\192.168.0.108\htdocs\teranex\themes\site\tokbox\node_modules\table\node_modules\string-width,1,37,24,19,7,10,0,3,7,0,0
\\192.168.0.108\htdocs\teranex\themes\site\tokbox\node_modules\table\node_modules\strip-ansi,1,5,3,3,0,2,0,0,0,0,0
\\192.168.0.108\htdocs\teranex\themes\site\tokbox\node_modules\table\test,28,1728,1490,1094,6,180,0,58,139,8,24
\\192.168.0.108\htdocs\teranex\themes\site\tokbox\node_modules\table\test\README,12,571,456,202,4,79,0,36,85,0,0
\\192.168.0.108\htdocs\teranex\themes\site\tokbox\node_modules\table\test\README\usage,12,571,456,202,4,79,0,36,85,0,0
\\192.168.0.108\htdocs\teranex\themes\site\tokbox\node_modules\text-table,12,266,239,133,25,27,0,0,0,0,0
\\192.168.0.108\htdocs\teranex\themes\site\tokbox\node_modules\text-table\example,5,47,42,19,0,5,0,0,0,0,0
\\192.168.0.108\htdocs\teranex\themes\site\tokbox\node_modules\text-table\test,6,132,120,51,0,12,0,0,0,0,0
\\192.168.0.108\htdocs\teranex\themes\site\tokbox\node_modules\through,6,421,306,59,28,88,2,27,172,0,0
\\192.168.0.108\htdocs\teranex\themes\site\tokbox\node_modules\through\test,5,312,229,44,8,70,1,13,70,0,0
\\192.168.0.108\htdocs\teranex\themes\site\tokbox\node_modules\type-check,3,341,335,244,84,3,0,3,12,3,12
\\192.168.0.108\htdocs\teranex\themes\site\tokbox\node_modules\type-check\lib,3,341,335,244,84,3,0,3,12,3,12
\\192.168.0.108\htdocs\teranex\themes\site\tokbox\node_modules\type-is,1,263,96,23,37,38,3,129,462,6,18
\\192.168.0.108\htdocs\teranex\themes\site\tokbox\node_modules\typedarray,4,667,480,398,89,116,1,71,327,0,1
\\192.168.0.108\htdocs\teranex\themes\site\tokbox\node_modules\typedarray\example,1,5,4,4,0,1,0,0,0,0,0
\\192.168.0.108\htdocs\teranex\themes\site\tokbox\node_modules\typedarray\test,2,31,26,27,0,5,0,0,0,0,0
\\192.168.0.108\htdocs\teranex\themes\site\tokbox\node_modules\typedarray\test\server,1,20,17,18,0,3,0,0,0,0,0
\\192.168.0.108\htdocs\teranex\themes\site\tokbox\node_modules\underscore,2,1555,1072,1158,318,178,0,305,2600,8,44
\\192.168.0.108\htdocs\teranex\themes\site\tokbox\node_modules\unpipe,1,70,32,9,11,16,0,22,56,5,13
\\192.168.0.108\htdocs\teranex\themes\site\tokbox\node_modules\user-home,1,3,2,2,0,1,0,0,0,0,0
\\192.168.0.108\htdocs\teranex\themes\site\tokbox\node_modules\util-deprecate,2,75,32,25,10,12,0,31,156,6,16
\\192.168.0.108\htdocs\teranex\themes\site\tokbox\node_modules\utils-merge,1,24,8,6,3,2,0,14,54,14,54
\\192.168.0.108\htdocs\teranex\themes\site\tokbox\node_modules\validate-npm-package-license,1,85,77,37,12,8,0,0,0,0,0
\\192.168.0.108\htdocs\teranex\themes\site\tokbox\node_modules\vary,1,150,73,16,23,26,2,51,185,5,13
\\192.168.0.108\htdocs\teranex\themes\site\tokbox\node_modules\wordwrap,5,159,131,102,13,28,0,0,0,0,0
\\192.168.0.108\htdocs\teranex\themes\site\tokbox\node_modules\wordwrap\example,2,15,12,4,0,3,0,0,0,0,0
\\192.168.0.108\htdocs\teranex\themes\site\tokbox\node_modules\wordwrap\test,2,67,54,49,0,13,0,0,0,0,0
\\192.168.0.108\htdocs\teranex\themes\site\tokbox\node_modules\wrappy,1,34,24,6,6,5,0,5,42,5,42
\\192.168.0.108\htdocs\teranex\themes\site\tokbox\node_modules\write,1,94,34,30,6,9,0,51,197,6,18
\\192.168.0.108\htdocs\teranex\themes\site\tokbox\node_modules\xtend,3,122,90,45,8,32,0,0,0,0,0
\\192.168.0.108\htdocs\teranex\themes\site\tokbox\public,8,15311,11512,9049,1583,1763,209,2036,11144,3,14
\\192.168.0.108\htdocs\teranex\themes\site\tokbox\public\css,1,213,184,139,0,29,4,0,4,0,0
\\192.168.0.108\htdocs\teranex\themes\site\tokbox\public\js,7,15098,11328,8910,1583,1734,205,2036,11140,3,14
\\192.168.0.108\htdocs\teranex\themes\site\tokbox\public\js\components,6,14901,11183,8800,1576,1711,200,2007,11017,2,11
